variant_old,variant,lineage,linkage,mean_area,sd_area,n_runs,mean_n_protomers,sem_area
2021ref,2021ref,Lineage A,23,58.0754121267554,0.6712102468005544,3,3,0.3875234166731353
2021ref,2021ref,Lineage A,26,58.32635080970979,1.4288270300419916,3,3,0.8249336704201574
9dip,9dip,Lineage B,23,56.70357863315906,1.247991933732875,3,3,0.7205284788871571
9dip,9dip,Lineage B,26,57.97130738701201,0.8290914191864627,3,3,0.4786761540501131
V10,V5,Lineage B,23,57.66584128114081,0.5179914846087662,3,3,0.2990625230768051
V10,V5,Lineage B,26,57.17192092866003,0.6376930522239855,3,3,0.36817225536187215
V3,V3,Lineage A,23,56.81282771601604,0.5386091634490888,3,3,0.3109661455053306
V3,V3,Lineage A,26,58.64650524080113,0.7282178245615685,3,3,0.4204367570393053
V4,V7,Lineage B,23,55.958439096612416,1.0340841330941712,3,3,0.5970287526066406
V4,V7,Lineage B,26,57.95120515291646,1.001709810478969,3,3,0.5783374287299218
V5,V10,Lineage B,23,57.306827255849036,0.21545888916175412,3,3,0.12439524765683649
V5,V10,Lineage B,26,56.06599091218681,0.481340916625819,3,3,0.27790230778589786
V6,V8,Lineage B,23,59.257403207729645,1.0764468380700707,3,3,0.6214868717280768
V6,V8,Lineage B,26,56.37399630105198,1.4676264432445136,3,3,0.847334522077033
V7,V2,Lineage A,23,57.99410275120681,0.8839512598111575,3,3,0.5103494978024806
V7,V2,Lineage A,26,58.082458478093194,1.0996517890953048,3,3,0.6348842564490278
V8,V9,Lineage B,23,57.857013540475755,1.8189517166494191,3,3,1.0501722632504742
V8,V9,Lineage B,26,57.063353248716275,0.9656183928164566,3,3,0.557500039027035
V9,V4,Lineage B,23,58.419415609935555,0.44585377944106946,3,3,0.2574137995795135
V9,V4,Lineage B,26,58.369483120489434,0.6900824116015587,3,3,0.39841926610118605
