H3_number,RBS_region,variant,linkage,aa_one,delta_vs_2021
98,base-network,V3,23,Y,-0.7468676384000004
98,base-network,V3,26,Y,0.5320112549333329
98,base-network,9dip,23,Y,-0.38021289181444384
98,base-network,9dip,26,Y,0.1472729119999956
98,base-network,V7,23,Y,-1.1148917997333347
98,base-network,V7,26,Y,-0.5548844296000013
98,base-network,V8,23,Y,1.3972634330666693
98,base-network,V8,26,Y,-0.46462222933333575
98,base-network,V9,23,Y,0.34155248693333284
98,base-network,V9,26,Y,-1.1622138738666665
98,base-network,V10,23,Y,1.4115409098666687
98,base-network,V10,26,Y,-1.4530950967999985
99,base-network,V3,23,P,0.01208413013333326
99,base-network,V3,26,P,-0.013956265866666706
99,base-network,9dip,23,P,0.017649947445624183
99,base-network,9dip,26,P,0.010814087199999906
99,base-network,V7,23,P,0.007916463466666634
99,base-network,V7,26,P,0.002383999999999914
99,base-network,V8,23,P,0.023206130133333364
99,base-network,V8,26,P,-0.007165333333333294
99,base-network,V9,23,P,0.016895463466666635
99,base-network,V9,26,P,-0.0065356666666666965
99,base-network,V10,23,P,0.02393146960000002
99,base-network,V10,26,P,-0.011947333333333268
135,130-loop,V3,23,V,-0.7065813373333314
135,130-loop,V3,26,V,0.537640131199999
135,130-loop,9dip,23,V,-0.8077366200057399
135,130-loop,9dip,26,V,-0.1806828541333343
135,130-loop,V7,23,V,-1.1443875901333311
135,130-loop,V7,26,V,0.08675740453333125
135,130-loop,V8,23,M,0.0
135,130-loop,V8,26,M,0.0
135,130-loop,V9,23,V,0.2907284346666663
135,130-loop,V9,26,V,-0.8645666112000008
135,130-loop,V10,23,M,0.0
135,130-loop,V10,26,M,0.0
136,130-loop,V3,23,S,-2.445036310399999
136,130-loop,V3,26,S,1.637305942400002
136,130-loop,9dip,23,S,-2.1562636155539057
136,130-loop,9dip,26,S,-0.35483038346665996
136,130-loop,V7,23,S,-3.388243906133331
136,130-loop,V7,26,S,-0.341196144533332
136,130-loop,V8,23,S,3.683307113866663
136,130-loop,V8,26,S,-3.1179602986666657
136,130-loop,V9,23,S,0.3599111506666688
136,130-loop,V9,26,S,-3.3648512285333316
136,130-loop,V10,23,S,0.2715525306666713
136,130-loop,V10,26,S,-5.533683231199993
137,130-loop,V3,23,A,-0.9385383869333328
137,130-loop,V3,26,A,-0.2526254591999999
137,130-loop,9dip,23,A,-0.8915499149004296
137,130-loop,9dip,26,A,-0.08871741066666372
137,130-loop,V7,23,A,-1.376872772533333
137,130-loop,V7,26,A,-0.10157323120000017
137,130-loop,V8,23,A,1.312514243999999
137,130-loop,V8,26,A,-1.6070626738666642
137,130-loop,V9,23,A,0.09312296799999942
137,130-loop,V9,26,A,-1.2068502746666678
137,130-loop,V10,23,A,-0.2368900135999974
137,130-loop,V10,26,A,-2.4020548469333334
138,130-loop,V3,23,A,-0.1627776829333325
138,130-loop,V3,26,A,-0.3989762738666668
138,130-loop,9dip,23,A,-0.12692667028139626
138,130-loop,9dip,26,A,0.07710503413333358
138,130-loop,V7,23,A,-0.18206882799999946
138,130-loop,V7,26,A,0.013613536266666837
138,130-loop,V8,23,A,0.2427445074666671
138,130-loop,V8,26,A,-0.25138525413333346
138,130-loop,V9,23,A,0.025143870933333368
138,130-loop,V9,26,A,-0.15643971119999955
138,130-loop,V10,23,A,-0.00957123919999936
138,130-loop,V10,26,A,-0.3285888837333333
150,150-loop,V3,23,N,-0.000419666666666766
150,150-loop,V3,26,N,0.002197666666666323
150,150-loop,9dip,23,N,-0.00019933189861317266
150,150-loop,9dip,26,N,7.833333333348005e-05
150,150-loop,V7,23,N,-0.0005653333333335031
150,150-loop,V7,26,N,-0.0005173333333329095
150,150-loop,V8,23,N,-0.004847565333332904
150,150-loop,V8,26,N,0.0012759999999993905
150,150-loop,V9,23,N,-0.0007430000000001654
150,150-loop,V9,26,N,-0.0002819999999994754
150,150-loop,V10,23,N,-0.0003653333333336231
150,150-loop,V10,26,N,0.001058333333332541
151,150-loop,V3,23,V,0.0018610000000000085
151,150-loop,V3,26,V,0.0023740000000000046
151,150-loop,9dip,23,V,0.0012041458632229794
151,150-loop,9dip,26,V,0.0030709999999998967
151,150-loop,V7,23,V,0.0036320000000001143
151,150-loop,V7,26,V,0.0007056666666665871
151,150-loop,V8,23,V,0.00035922346666679775
151,150-loop,V8,26,V,0.005519333333333223
151,150-loop,V9,23,V,-0.0004836666666665837
151,150-loop,V9,26,V,0.0028983333333333014
151,150-loop,V10,23,V,0.0002103333333333783
151,150-loop,V10,26,V,0.0063603333333332075
152,150-loop,V3,23,V,0.004729000000000028
152,150-loop,V3,26,V,0.001220333333333535
152,150-loop,9dip,23,V,0.0036363792443807885
152,150-loop,9dip,26,V,0.003524666666666891
152,150-loop,V7,23,V,0.007437999999999983
152,150-loop,V7,26,V,0.0010243333333336442
152,150-loop,V8,23,V,-0.008165045333333232
152,150-loop,V8,26,V,0.005982000000000123
152,150-loop,V9,23,V,0.0009203333333333875
152,150-loop,V9,26,V,0.0035723333333334273
152,150-loop,V10,23,V,0.0011320000000000184
152,150-loop,V10,26,V,0.008202333333333495
153,base-network,V3,23,W,-0.572637082933336
153,base-network,V3,26,W,0.3187224178666672
153,base-network,9dip,23,W,-0.32131720170100575
153,base-network,9dip,26,W,-0.06353142639999865
153,base-network,V7,23,W,-0.8869200122666658
153,base-network,V7,26,W,-0.30629154559999927
153,base-network,V8,23,W,1.0022437941333346
153,base-network,V8,26,W,-0.3568735455999996
153,base-network,V9,23,W,0.10261056026666626
153,base-network,V9,26,W,-0.7009670925333311
153,base-network,V10,23,W,0.9774561799999999
153,base-network,V10,26,W,-0.9995196981333332
154,150-loop,V3,23,L,0.011960666666666786
154,150-loop,V3,26,L,-0.0045756666666665335
154,150-loop,9dip,23,L,-0.001809335724533609
154,150-loop,9dip,26,L,0.010265333333333237
154,150-loop,V7,23,L,0.02314100000000019
154,150-loop,V7,26,L,0.00393633333333325
154,150-loop,V8,23,L,-0.017390333333333174
154,150-loop,V8,26,L,0.014085999999999974
154,150-loop,V9,23,L,-0.005329333333333172
154,150-loop,V9,26,L,0.012573333333333353
154,150-loop,V10,23,L,-0.01235366666666643
154,150-loop,V10,26,L,0.021242333333333432
155,150-loop,V3,23,I,-0.17312685546666673
155,150-loop,V3,26,I,-0.05643601893333394
155,150-loop,9dip,23,I,-0.02034628048703868
155,150-loop,9dip,26,I,-0.23077156746666772
155,150-loop,V7,23,I,-0.15270851946666664
155,150-loop,V7,26,I,0.0222768181333326
155,150-loop,V8,23,I,0.17359210399999947
155,150-loop,V8,26,I,0.000886786933334216
155,150-loop,V9,23,I,-0.010404693600000181
155,150-loop,V9,26,I,-0.03225182426666584
155,150-loop,V10,23,I,0.33313243786666646
155,150-loop,V10,26,I,-0.08155695386666739
156,150-loop,V3,23,K,-0.10691206613333287
156,150-loop,V3,26,K,0.0728911434666662
156,150-loop,9dip,23,K,-0.19191608859913917
156,150-loop,9dip,26,K,-0.5335283736000007
156,150-loop,V7,23,K,-0.051092502133333384
156,150-loop,V7,26,K,0.2687754794666666
156,150-loop,V8,23,K,-0.3928266488
156,150-loop,V8,26,K,-0.030115896800000153
156,150-loop,V9,23,K,-0.17754257440000004
156,150-loop,V9,26,K,0.2962045202666659
156,150-loop,V10,23,K,-0.029172252000000287
156,150-loop,V10,26,K,0.016292366399999647
157,150-loop,V3,23,K,-0.07694432613333368
157,150-loop,V3,26,K,-0.09085830266666625
157,150-loop,9dip,23,K,-0.04063548210922935
157,150-loop,9dip,26,K,-0.42240286960000006
157,150-loop,V7,23,K,-0.051433943200000234
157,150-loop,V7,26,K,0.08480038000000002
157,150-loop,V8,23,K,-0.09615862160000047
157,150-loop,V8,26,K,0.044824546400000165
157,150-loop,V9,23,K,-0.04824539200000005
157,150-loop,V9,26,K,0.08552925306666695
157,150-loop,V10,23,K,-0.005239199200000169
157,150-loop,V10,26,K,0.04883732746666694
158,150-loop,V3,23,N,0.0020832301333339465
158,150-loop,V3,26,N,-0.057002267999999245
158,150-loop,9dip,23,N,-0.0164213573356278
158,150-loop,9dip,26,N,-0.23570534026666617
158,150-loop,V7,23,N,0.00523337840000114
158,150-loop,V7,26,N,0.016939122133333692
158,150-loop,V8,23,N,-0.03654758186666597
158,150-loop,V8,26,N,-0.02723701599999981
158,150-loop,V9,23,N,-0.01990607439999914
158,150-loop,V9,26,N,0.015894646666667622
158,150-loop,V10,23,N,-0.008809294133332396
158,150-loop,V10,26,N,0.00395544560000026
183,base-network,V3,23,H,-0.28819661119999873
183,base-network,V3,26,H,0.3484529565333352
183,base-network,9dip,23,H,0.060225156660737245
183,base-network,9dip,26,H,0.21604890480000272
183,base-network,V7,23,H,-0.37491537573333256
183,base-network,V7,26,H,-0.30455489919999845
183,base-network,V8,23,H,0.6119470064000017
183,base-network,V8,26,H,-0.3742039386666667
183,base-network,V9,23,H,0.12406601413333318
183,base-network,V9,26,H,-0.5283459773333328
183,base-network,V10,23,H,0.7307826754666678
183,base-network,V10,26,H,-0.6461308010666658
190,190-helix,V3,23,E,-1.284559646666665
190,190-helix,V3,26,E,0.9486374255999914
190,190-helix,9dip,23,E,-0.02300690660468785
190,190-helix,9dip,26,E,0.5057556301333275
190,190-helix,V7,23,E,-1.961610281333332
190,190-helix,V7,26,E,-0.6651151792000043
190,190-helix,V8,23,E,0.63891858426667
190,190-helix,V8,26,E,0.7981103687999953
190,190-helix,V9,23,E,0.13555031493333303
190,190-helix,V9,26,E,-0.9216002173333395
190,190-helix,V10,23,E,1.7020795687999968
190,190-helix,V10,26,E,-0.7977367994666658
191,190-helix,V3,23,Q,0.003029999999999755
191,190-helix,V3,26,Q,-0.0012039999999993861
191,190-helix,9dip,23,Q,0.0018577804878040574
191,190-helix,9dip,26,Q,0.0049226666666671165
191,190-helix,V7,23,Q,-0.01387266666666688
191,190-helix,V7,26,Q,-0.020943666666666194
191,190-helix,V8,23,Q,-0.0007196666666675483
191,190-helix,V8,26,Q,-0.019739666666666975
191,190-helix,V9,23,Q,0.005564000000000121
191,190-helix,V9,26,Q,-0.03529266666666696
191,190-helix,V10,23,Q,0.013071666666666284
191,190-helix,V10,26,Q,-0.026827999999999935
192,190-helix,V3,23,T,-0.32396317706666666
192,190-helix,V3,26,T,-0.14865629386666693
192,190-helix,9dip,23,T,-0.07521538884782386
192,190-helix,9dip,26,T,-0.09680157999999997
192,190-helix,V7,23,T,-0.4604909194666658
192,190-helix,V7,26,T,0.05940659706666646
192,190-helix,V8,23,T,-0.15792445439999964
192,190-helix,V8,26,T,-0.26781725306666687
192,190-helix,V9,23,T,0.023135164266666928
192,190-helix,V9,26,T,-0.04235489093333309
192,190-helix,V10,23,T,-0.20928951573333354
192,190-helix,V10,26,T,0.07835508986666692
193,190-helix,V3,23,N,-1.2562070903999996
193,190-helix,V3,26,N,-0.22402819173333288
193,190-helix,9dip,23,N,-0.49533451977541987
193,190-helix,9dip,26,N,-0.6145937792
193,190-helix,V7,23,N,-1.539983303999999
193,190-helix,V7,26,N,0.22838621866666764
193,190-helix,V8,23,N,-0.8255403392
193,190-helix,V8,26,N,-0.2093450765333329
193,190-helix,V9,23,N,-0.22206514106666694
193,190-helix,V9,26,N,0.0450521754666664
193,190-helix,V10,23,N,-0.5481908898666679
193,190-helix,V10,26,N,0.37225407973333335
194,190-helix,V3,23,L,-0.527991243733335
194,190-helix,V3,26,L,0.03228218533333127
194,190-helix,9dip,23,L,0.047663140791964764
194,190-helix,9dip,26,L,-0.3010885845333364
194,190-helix,V7,23,L,-0.5658906770666672
194,190-helix,V7,26,L,-0.33168248880000384
194,190-helix,V8,23,L,0.8397799706666658
194,190-helix,V8,26,L,-0.21689940959999898
194,190-helix,V9,23,L,0.10905530986666623
194,190-helix,V9,26,L,-0.5286315935999966
194,190-helix,V10,23,L,1.0551875730666658
194,190-helix,V10,26,L,-0.5677727626666682
195,base-network,V3,23,Y,-0.07420644959999984
195,base-network,V3,26,Y,0.005819664266666358
195,base-network,9dip,23,Y,-0.015838500932376764
195,base-network,9dip,26,Y,-0.03389539839999994
195,base-network,V7,23,Y,-0.07574835359999982
195,base-network,V7,26,Y,-0.03001336773333374
195,base-network,V8,23,Y,0.0823842680000001
195,base-network,V8,26,Y,-0.01863008533333349
195,base-network,V9,23,Y,0.013373994933333189
195,base-network,V9,26,Y,-0.05405452373333347
195,base-network,V10,23,Y,0.10692152106666686
195,base-network,V10,26,Y,-0.06739306506666659
196,190-helix,V3,23,K,0.00811937733333333
196,190-helix,V3,26,K,0.04048513359999992
196,190-helix,9dip,23,K,0.023321663914682364
196,190-helix,9dip,26,K,-0.02998818933333275
196,190-helix,V7,23,K,0.0026549357333334883
196,190-helix,V7,26,K,-0.03777486533333321
196,190-helix,V8,23,K,0.011975917866666672
196,190-helix,V8,26,K,0.03993991280000028
196,190-helix,V9,23,K,0.009193260799999714
196,190-helix,V9,26,K,-0.007689413333333478
196,190-helix,V10,23,K,-0.039340814133333436
196,190-helix,V10,26,K,-0.049852082133333364
197,190-helix,V3,23,N,-0.0006802125333328496
197,190-helix,V3,26,N,-0.0015370474666664066
197,190-helix,9dip,23,N,-0.003701441893830426
197,190-helix,9dip,26,N,0.007085325066666884
197,190-helix,V7,23,N,-0.0019026666666658795
197,190-helix,V7,26,N,0.006818067733333655
197,190-helix,V8,23,N,-0.007206999999999623
197,190-helix,V8,26,N,0.0010940677333337798
197,190-helix,V9,23,N,0.00019100000000023265
197,190-helix,V9,26,N,0.005428734400000336
197,190-helix,V10,23,N,-0.013370941066666392
197,190-helix,V10,26,N,-0.0003247447999994088
198,190-helix,V3,23,P,-0.01632295760000002
198,190-helix,V3,26,P,-0.0033547002666667663
198,190-helix,9dip,23,P,-0.0022650483022481336
198,190-helix,9dip,26,P,-0.13703487840000012
198,190-helix,V7,23,P,-0.017470916533333387
198,190-helix,V7,26,P,0.00143578266666677
198,190-helix,V8,23,P,-0.006442666666666686
198,190-helix,V8,26,P,-0.0021041013333333285
198,190-helix,V9,23,P,-0.0001823333333333219
198,190-helix,V9,26,P,0.0007435064000000644
198,190-helix,V10,23,P,-0.007977333333333397
198,190-helix,V10,26,P,-0.004260459733333251
221,220-loop,V3,23,S,-0.004506480533333468
221,220-loop,V3,26,S,0.014244520266666685
221,220-loop,9dip,23,S,-0.033533364637015894
221,220-loop,9dip,26,S,0.0006766416000000969
221,220-loop,V7,23,S,-0.0016051650666669172
221,220-loop,V7,26,S,-0.009646420533333182
221,220-loop,V8,23,S,-0.004497631466666922
221,220-loop,V8,26,S,0.00654630693333335
221,220-loop,V9,23,S,0.006157245599999819
221,220-loop,V9,26,S,-0.005119190933333278
221,220-loop,V10,23,S,-0.025851064533333478
221,220-loop,V10,26,S,-0.00046713093333334774
222,220-loop,V3,23,Q,0.08459289520000007
222,220-loop,V3,26,Q,0.14795326000000025
222,220-loop,9dip,23,Q,-0.09654484135934974
222,220-loop,9dip,26,Q,-0.17966633493333334
222,220-loop,V7,23,Q,-0.011876814133333274
222,220-loop,V7,26,Q,-0.12243885813333316
222,220-loop,V8,23,Q,-0.12010096240000023
222,220-loop,V8,26,Q,0.048980652800000024
222,220-loop,V9,23,Q,-0.07479781546666665
222,220-loop,V9,26,Q,-0.5749373306666667
222,220-loop,V10,23,Q,-0.13137450133333303
222,220-loop,V10,26,Q,-0.2885840613333336
223,220-loop,V3,23,V,0.03540647573333328
223,220-loop,V3,26,V,0.0609254645333333
223,220-loop,9dip,23,V,-0.0048722719858441885
223,220-loop,9dip,26,V,0.06517011973333317
223,220-loop,V7,23,V,0.03305314239999996
223,220-loop,V7,26,V,0.05367158666666664
223,220-loop,V8,23,V,0.04030491493333321
223,220-loop,V8,26,V,0.10463660986666667
223,220-loop,V9,23,V,0.03349519706666649
223,220-loop,V9,26,V,0.04624748746666673
223,220-loop,V10,23,V,0.002247679199999922
223,220-loop,V10,26,V,0.06139366320000015
224,220-loop,V3,23,N,0.04943456239999977
224,220-loop,V3,26,N,-0.26076016879999986
224,220-loop,9dip,23,N,-0.019445294596652896
224,220-loop,9dip,26,N,0.15822807493333307
224,220-loop,V7,23,N,0.052035762399999935
224,220-loop,V7,26,N,0.12734417973333376
224,220-loop,V8,23,N,0.013953639199999618
224,220-loop,V8,26,N,0.05222992986666664
224,220-loop,V9,23,N,0.0328416930666664
224,220-loop,V9,26,N,0.10767774213333309
224,220-loop,V10,23,N,-0.15579291066666678
224,220-loop,V10,26,N,0.09847245626666642
225,220-loop,V3,23,G,0.03050120879999982
225,220-loop,V3,26,G,-0.1938036850666669
225,220-loop,9dip,23,G,-0.08281086403098978
225,220-loop,9dip,26,G,0.15385558079999984
225,220-loop,V7,23,G,-0.25627137226666674
225,220-loop,V7,26,G,-0.15218566773333309
225,220-loop,V8,23,G,0.06533604426666681
225,220-loop,V8,26,G,0.012036713866666937
225,220-loop,V9,23,G,-0.12161103413333328
225,220-loop,V9,26,G,-0.4279546706666668
225,220-loop,V10,23,G,-0.31423179866666706
225,220-loop,V10,26,G,-0.746248076000001
226,220-loop,V3,23,Q,-0.8207308624000014
226,220-loop,V3,26,Q,1.1736720906666651
226,220-loop,9dip,23,Q,0.12788669308541323
226,220-loop,9dip,26,Q,0.07391681466666178
226,220-loop,V7,23,Q,-1.2966718653333356
226,220-loop,V7,26,Q,-1.1192322058666715
226,220-loop,V8,23,Q,2.178762687733327
226,220-loop,V8,26,Q,-0.9573514218666688
226,220-loop,V9,23,Q,0.2988545896000012
226,220-loop,V9,26,Q,-2.043368191999999
226,220-loop,V10,23,Q,2.605942760266659
226,220-loop,V10,26,Q,-2.1581615282666657
227,220-loop,V3,23,R,-0.019607041066666442
227,220-loop,V3,26,R,0.7743010522666682
227,220-loop,9dip,23,R,0.10710969745997212
227,220-loop,9dip,26,R,-0.12048664346666671
227,220-loop,V7,23,R,0.1864051234666666
227,220-loop,V7,26,R,-0.475436067466666
227,220-loop,V8,23,R,0.14531830373333188
227,220-loop,V8,26,R,-0.058603682666665824
227,220-loop,V9,23,R,0.03998696559999915
227,220-loop,V9,26,R,-0.6109074746666647
227,220-loop,V10,23,R,0.38516411999999955
227,220-loop,V10,26,R,-0.18914753999999756
228,220-loop,V3,23,G,-0.1475791077333335
228,220-loop,V3,26,G,0.15874252773333386
228,220-loop,9dip,23,G,-0.006119055348063229
228,220-loop,9dip,26,G,0.06961201546666618
228,220-loop,V7,23,G,-0.18605406426666615
228,220-loop,V7,26,G,-0.2359437762666674
228,220-loop,V8,23,G,0.27078859999999993
228,220-loop,V8,26,G,-0.10405117413333387
228,220-loop,V9,23,G,0.05292113146666644
228,220-loop,V9,26,G,-0.2751956408000005
228,220-loop,V10,23,G,0.405440427466667
228,220-loop,V10,26,G,-0.32132545173333393
