variant,linkage,n,mean_total,sem_total,mean_gas,sem_gas,mean_solv,sem_solv
2021ref,23,3,-84.9829,6.474877866801815,-70.7897,28.097083823296202,-14.193166666666665,21.88442702550022
2021ref,26,3,-75.4266,12.806011319298449,-45.944700000000005,47.93057423621517,-29.4819,35.13489195092726
V2,23,3,-83.8598,11.002186870042397,-65.6152,39.29518209874251,-18.244600000000002,28.785019141386723
V2,26,3,-83.9798,10.484121123394177,-100.039,22.561810145760322,16.059133333333335,12.089327429918416
V3,23,3,-103.34136666666667,2.9592054701295165,-97.56166666666667,7.054799191645673,-5.7796666666666665,4.10177219923833
V3,26,3,-69.94330000000001,10.564858287265382,-15.402133333333333,28.808648628281365,-54.54116666666666,18.47854994900243
9dip,23,3,-94.33483333333334,11.263673917559542,-161.0289,31.35300466005345,66.69406666666667,20.24573758813884
9dip,26,3,-79.3898,7.895440422801001,-161.31539999999998,18.60997314998958,81.9256,10.788393958478407
V4,23,3,-78.2495,4.444343867584206,-72.70916666666666,19.42922541416524,-5.540299999999999,15.036274319458263
V4,26,3,-77.74669999999999,3.6811995250642613,-82.69116666666666,13.597703431625668,4.944466666666666,10.726023123900323
V5,23,3,-85.50070000000001,2.8983602283590164,-81.29936666666667,10.169215188389803,-4.201333333333333,8.515742785831687
V5,26,3,-91.17533333333334,4.265648559650041,-109.5843,8.061128564289247,18.409000000000002,3.8931803777032137
V7,23,3,-110.95336666666667,7.788445014321609,-232.1319,16.530028914776086,121.17853333333333,9.350100886146155
V7,26,3,-80.34066666666666,10.707056421091862,-169.49933333333334,32.4671143519271,89.15863333333334,22.7238318583034
V8,23,3,-72.75273333333332,5.693851423636242,-107.31469999999997,40.11260038271432,34.56196666666667,36.460471829884185
V8,26,3,-89.52486666666668,7.694590157665606,-189.4351,26.55423099187774,99.91023333333334,18.92966733193634
V9,23,3,-82.77050000000001,11.932065069523102,-158.72846666666666,35.81042868003367,75.95793333333334,24.02564825412857
V9,26,3,-93.96526666666666,14.414859198333424,-199.71903333333333,45.162007484807155,105.75376666666666,30.819972913698532
V10,23,3,-72.24806666666666,2.8786122584405915,-117.16653333333333,5.68569853648413,44.91846666666667,3.1794660046058745
V10,26,3,-104.12123333333334,2.8330149030866596,-228.3512333333333,10.591214252441086,124.23,8.544959352351146
