H3_number,RBS_region,variant_oldnum,linkage,aa_one,delta_vs_2021
98,base-network,V3,23,Y,-0.746867638
98,base-network,V3,26,Y,0.5320112549333329
98,base-network,9dip,23,Y,-0.380212892
98,base-network,9dip,26,Y,0.1472729119999956
98,base-network,V7,23,Y,-1.1148918
98,base-network,V7,26,Y,-0.55488443
98,base-network,V8,23,Y,1.3972634330666693
98,base-network,V8,26,Y,-0.464622229
98,base-network,V9,23,Y,0.34155248693333284
98,base-network,V9,26,Y,-1.162213874
98,base-network,V10,23,Y,1.4115409098666687
98,base-network,V10,26,Y,-1.453095097
99,base-network,V3,23,P,0.01208413
99,base-network,V3,26,P,-0.013956266
99,base-network,9dip,23,P,0.017649947445624183
99,base-network,9dip,26,P,0.010814087199999906
99,base-network,V7,23,P,0.007916463
99,base-network,V7,26,P,0.002384
99,base-network,V8,23,P,0.023206130133333364
99,base-network,V8,26,P,-0.007165333
99,base-network,V9,23,P,0.016895463466666635
99,base-network,V9,26,P,-0.006535667
99,base-network,V10,23,P,0.02393147
99,base-network,V10,26,P,-0.011947333
135,130-loop,V3,23,V,-0.706581337
135,130-loop,V3,26,V,0.537640131
135,130-loop,9dip,23,V,-0.80773662
135,130-loop,9dip,26,V,-0.180682854
135,130-loop,V7,23,V,-1.14438759
135,130-loop,V7,26,V,0.086757405
135,130-loop,V8,23,M,0
135,130-loop,V8,26,M,0
135,130-loop,V9,23,V,0.2907284346666663
135,130-loop,V9,26,V,-0.864566611
135,130-loop,V10,23,M,0
135,130-loop,V10,26,M,0
136,130-loop,V3,23,S,-2.44503631
136,130-loop,V3,26,S,1.637305942400002
136,130-loop,9dip,23,S,-2.156263616
136,130-loop,9dip,26,S,-0.354830383
136,130-loop,V7,23,S,-3.388243906
136,130-loop,V7,26,S,-0.341196145
136,130-loop,V8,23,S,3.683307113866663
136,130-loop,V8,26,S,-3.117960299
136,130-loop,V9,23,S,0.3599111506666688
136,130-loop,V9,26,S,-3.364851229
136,130-loop,V10,23,S,0.2715525306666713
136,130-loop,V10,26,S,-5.533683231
137,130-loop,V3,23,A,-0.938538387
137,130-loop,V3,26,A,-0.252625459
137,130-loop,9dip,23,A,-0.891549915
137,130-loop,9dip,26,A,-0.088717411
137,130-loop,V7,23,A,-1.376872773
137,130-loop,V7,26,A,-0.101573231
137,130-loop,V8,23,A,1.312514243999999
137,130-loop,V8,26,A,-1.607062674
137,130-loop,V9,23,A,0.093122968
137,130-loop,V9,26,A,-1.206850275
137,130-loop,V10,23,A,-0.236890014
137,130-loop,V10,26,A,-2.402054847
138,130-loop,V3,23,A,-0.162777683
138,130-loop,V3,26,A,-0.398976274
138,130-loop,9dip,23,A,-0.12692667
138,130-loop,9dip,26,A,0.077105034
138,130-loop,V7,23,A,-0.182068828
138,130-loop,V7,26,A,0.013613536266666837
138,130-loop,V8,23,A,0.2427445074666671
138,130-loop,V8,26,A,-0.251385254
138,130-loop,V9,23,A,0.025143870933333368
138,130-loop,V9,26,A,-0.156439711
138,130-loop,V10,23,A,-0.009571239
138,130-loop,V10,26,A,-0.328588884
150,150-loop,V3,23,N,-0.000419667
150,150-loop,V3,26,N,0.002197667
150,150-loop,9dip,23,N,-0.000199332
150,150-loop,9dip,26,N,7.833333333348005e-05
150,150-loop,V7,23,N,-0.000565333
150,150-loop,V7,26,N,-0.000517333
150,150-loop,V8,23,N,-0.004847565
150,150-loop,V8,26,N,0.001276
150,150-loop,V9,23,N,-0.000743
150,150-loop,V9,26,N,-0.000282
150,150-loop,V10,23,N,-0.000365333
150,150-loop,V10,26,N,0.001058333
151,150-loop,V3,23,V,0.001861
151,150-loop,V3,26,V,0.002374
151,150-loop,9dip,23,V,0.001204146
151,150-loop,9dip,26,V,0.003071
151,150-loop,V7,23,V,0.003632
151,150-loop,V7,26,V,0.000705667
151,150-loop,V8,23,V,0.000359223
151,150-loop,V8,26,V,0.005519333
151,150-loop,V9,23,V,-0.000483667
151,150-loop,V9,26,V,0.002898333
151,150-loop,V10,23,V,0.000210333
151,150-loop,V10,26,V,0.006360333
152,150-loop,V3,23,V,0.004729
152,150-loop,V3,26,V,0.001220333
152,150-loop,9dip,23,V,0.003636379
152,150-loop,9dip,26,V,0.003524667
152,150-loop,V7,23,V,0.007438
152,150-loop,V7,26,V,0.001024333
152,150-loop,V8,23,V,-0.008165045
152,150-loop,V8,26,V,0.005982
152,150-loop,V9,23,V,0.000920333
152,150-loop,V9,26,V,0.003572333
152,150-loop,V10,23,V,0.001132
152,150-loop,V10,26,V,0.008202333
153,base-network,V3,23,W,-0.572637083
153,base-network,V3,26,W,0.3187224178666672
153,base-network,9dip,23,W,-0.321317202
153,base-network,9dip,26,W,-0.063531426
153,base-network,V7,23,W,-0.886920012
153,base-network,V7,26,W,-0.306291546
153,base-network,V8,23,W,1.0022437941333346
153,base-network,V8,26,W,-0.356873546
153,base-network,V9,23,W,0.10261056026666626
153,base-network,V9,26,W,-0.700967093
153,base-network,V10,23,W,0.9774561799999999
153,base-network,V10,26,W,-0.999519698
154,150-loop,V3,23,L,0.011960666666666786
154,150-loop,V3,26,L,-0.004575667
154,150-loop,9dip,23,L,-0.001809336
154,150-loop,9dip,26,L,0.010265333333333237
154,150-loop,V7,23,L,0.023141
154,150-loop,V7,26,L,0.003936333
154,150-loop,V8,23,L,-0.017390333
154,150-loop,V8,26,L,0.014085999999999974
154,150-loop,V9,23,L,-0.005329333
154,150-loop,V9,26,L,0.012573333333333353
154,150-loop,V10,23,L,-0.012353667
154,150-loop,V10,26,L,0.021242333333333432
155,150-loop,V3,23,I,-0.173126855
155,150-loop,V3,26,I,-0.056436019
155,150-loop,9dip,23,I,-0.02034628
155,150-loop,9dip,26,I,-0.230771567
155,150-loop,V7,23,I,-0.152708519
155,150-loop,V7,26,I,0.022276818
155,150-loop,V8,23,I,0.17359210399999947
155,150-loop,V8,26,I,0.000886787
155,150-loop,V9,23,I,-0.010404694
155,150-loop,V9,26,I,-0.032251824
155,150-loop,V10,23,I,0.33313243786666646
155,150-loop,V10,26,I,-0.081556954
156,150-loop,V3,23,K,-0.106912066
156,150-loop,V3,26,K,0.072891143
156,150-loop,9dip,23,K,-0.191916089
156,150-loop,9dip,26,K,-0.533528374
156,150-loop,V7,23,K,-0.051092502
156,150-loop,V7,26,K,0.2687754794666666
156,150-loop,V8,23,K,-0.392826649
156,150-loop,V8,26,K,-0.030115897
156,150-loop,V9,23,K,-0.177542574
156,150-loop,V9,26,K,0.2962045202666659
156,150-loop,V10,23,K,-0.029172252
156,150-loop,V10,26,K,0.016292366399999647
157,150-loop,V3,23,K,-0.076944326
157,150-loop,V3,26,K,-0.090858303
157,150-loop,9dip,23,K,-0.040635482
157,150-loop,9dip,26,K,-0.42240287
157,150-loop,V7,23,K,-0.051433943
157,150-loop,V7,26,K,0.08480038
157,150-loop,V8,23,K,-0.096158622
157,150-loop,V8,26,K,0.044824546400000165
157,150-loop,V9,23,K,-0.048245392
157,150-loop,V9,26,K,0.085529253
157,150-loop,V10,23,K,-0.005239199
157,150-loop,V10,26,K,0.048837327
158,150-loop,V3,23,N,0.00208323
158,150-loop,V3,26,N,-0.057002268
158,150-loop,9dip,23,N,-0.016421357
158,150-loop,9dip,26,N,-0.23570534
158,150-loop,V7,23,N,0.005233378
158,150-loop,V7,26,N,0.016939122133333692
158,150-loop,V8,23,N,-0.036547582
158,150-loop,V8,26,N,-0.027237016
158,150-loop,V9,23,N,-0.019906074
158,150-loop,V9,26,N,0.015894646666667622
158,150-loop,V10,23,N,-0.008809294
158,150-loop,V10,26,N,0.003955446
183,base-network,V3,23,H,-0.288196611
183,base-network,V3,26,H,0.3484529565333352
183,base-network,9dip,23,H,0.060225156660737245
183,base-network,9dip,26,H,0.21604890480000272
183,base-network,V7,23,H,-0.374915376
183,base-network,V7,26,H,-0.304554899
183,base-network,V8,23,H,0.6119470064000017
183,base-network,V8,26,H,-0.374203939
183,base-network,V9,23,H,0.12406601413333318
183,base-network,V9,26,H,-0.528345977
183,base-network,V10,23,H,0.7307826754666678
183,base-network,V10,26,H,-0.646130801
190,190-helix,V3,23,E,-1.284559647
190,190-helix,V3,26,E,0.9486374255999914
190,190-helix,9dip,23,E,-0.023006907
190,190-helix,9dip,26,E,0.5057556301333275
190,190-helix,V7,23,E,-1.961610281
190,190-helix,V7,26,E,-0.665115179
190,190-helix,V8,23,E,0.638918584
190,190-helix,V8,26,E,0.7981103687999953
190,190-helix,V9,23,E,0.13555031493333303
190,190-helix,V9,26,E,-0.921600217
190,190-helix,V10,23,E,1.7020795687999968
190,190-helix,V10,26,E,-0.797736799
191,190-helix,V3,23,Q,0.00303
191,190-helix,V3,26,Q,-0.001204
191,190-helix,9dip,23,Q,0.00185778
191,190-helix,9dip,26,Q,0.004922667
191,190-helix,V7,23,Q,-0.013872667
191,190-helix,V7,26,Q,-0.020943667
191,190-helix,V8,23,Q,-0.000719667
191,190-helix,V8,26,Q,-0.019739667
191,190-helix,V9,23,Q,0.005564
191,190-helix,V9,26,Q,-0.035292667
191,190-helix,V10,23,Q,0.013071666666666284
191,190-helix,V10,26,Q,-0.026828
192,190-helix,V3,23,T,-0.323963177
192,190-helix,V3,26,T,-0.148656294
192,190-helix,9dip,23,T,-0.075215389
192,190-helix,9dip,26,T,-0.09680158
192,190-helix,V7,23,T,-0.460490919
192,190-helix,V7,26,T,0.059406597
192,190-helix,V8,23,T,-0.157924454
192,190-helix,V8,26,T,-0.267817253
192,190-helix,V9,23,T,0.023135164266666928
192,190-helix,V9,26,T,-0.042354891
192,190-helix,V10,23,T,-0.209289516
192,190-helix,V10,26,T,0.07835509
193,190-helix,V3,23,N,-1.25620709
193,190-helix,V3,26,N,-0.224028192
193,190-helix,9dip,23,N,-0.49533452
193,190-helix,9dip,26,N,-0.614593779
193,190-helix,V7,23,N,-1.539983304
193,190-helix,V7,26,N,0.22838621866666764
193,190-helix,V8,23,N,-0.825540339
193,190-helix,V8,26,N,-0.209345077
193,190-helix,V9,23,N,-0.222065141
193,190-helix,V9,26,N,0.045052175
193,190-helix,V10,23,N,-0.54819089
193,190-helix,V10,26,N,0.37225407973333335
194,190-helix,V3,23,L,-0.527991244
194,190-helix,V3,26,L,0.032282185
194,190-helix,9dip,23,L,0.047663140791964764
194,190-helix,9dip,26,L,-0.301088585
194,190-helix,V7,23,L,-0.565890677
194,190-helix,V7,26,L,-0.331682489
194,190-helix,V8,23,L,0.8397799706666658
194,190-helix,V8,26,L,-0.21689941
194,190-helix,V9,23,L,0.10905530986666623
194,190-helix,V9,26,L,-0.528631594
194,190-helix,V10,23,L,1.0551875730666658
194,190-helix,V10,26,L,-0.567772763
195,base-network,V3,23,Y,-0.07420645
195,base-network,V3,26,Y,0.005819664
195,base-network,9dip,23,Y,-0.015838501
195,base-network,9dip,26,Y,-0.033895398
195,base-network,V7,23,Y,-0.075748354
195,base-network,V7,26,Y,-0.030013368
195,base-network,V8,23,Y,0.082384268
195,base-network,V8,26,Y,-0.018630085
195,base-network,V9,23,Y,0.013373994933333189
195,base-network,V9,26,Y,-0.054054524
195,base-network,V10,23,Y,0.10692152106666686
195,base-network,V10,26,Y,-0.067393065
196,190-helix,V3,23,K,0.008119377
196,190-helix,V3,26,K,0.040485134
196,190-helix,9dip,23,K,0.023321663914682364
196,190-helix,9dip,26,K,-0.029988189
196,190-helix,V7,23,K,0.002654936
196,190-helix,V7,26,K,-0.037774865
196,190-helix,V8,23,K,0.011975917866666672
196,190-helix,V8,26,K,0.039939913
196,190-helix,V9,23,K,0.009193261
196,190-helix,V9,26,K,-0.007689413
196,190-helix,V10,23,K,-0.039340814
196,190-helix,V10,26,K,-0.049852082
197,190-helix,V3,23,N,-0.000680213
197,190-helix,V3,26,N,-0.001537047
197,190-helix,9dip,23,N,-0.003701442
197,190-helix,9dip,26,N,0.007085325
197,190-helix,V7,23,N,-0.001902667
197,190-helix,V7,26,N,0.006818068
197,190-helix,V8,23,N,-0.007207
197,190-helix,V8,26,N,0.001094068
197,190-helix,V9,23,N,0.000191
197,190-helix,V9,26,N,0.005428734
197,190-helix,V10,23,N,-0.013370941
197,190-helix,V10,26,N,-0.000324745
198,190-helix,V3,23,P,-0.016322958
198,190-helix,V3,26,P,-0.0033547
198,190-helix,9dip,23,P,-0.002265048
198,190-helix,9dip,26,P,-0.137034878
198,190-helix,V7,23,P,-0.017470917
198,190-helix,V7,26,P,0.001435783
198,190-helix,V8,23,P,-0.006442667
198,190-helix,V8,26,P,-0.002104101
198,190-helix,V9,23,P,-0.000182333
198,190-helix,V9,26,P,0.000743506
198,190-helix,V10,23,P,-0.007977333
198,190-helix,V10,26,P,-0.00426046
221,220-loop,V3,23,S,-0.004506481
221,220-loop,V3,26,S,0.014244520266666685
221,220-loop,9dip,23,S,-0.033533365
221,220-loop,9dip,26,S,0.000676642
221,220-loop,V7,23,S,-0.001605165
221,220-loop,V7,26,S,-0.009646421
221,220-loop,V8,23,S,-0.004497631
221,220-loop,V8,26,S,0.006546307
221,220-loop,V9,23,S,0.006157246
221,220-loop,V9,26,S,-0.005119191
221,220-loop,V10,23,S,-0.025851065
221,220-loop,V10,26,S,-0.000467131
222,220-loop,V3,23,Q,0.084592895
222,220-loop,V3,26,Q,0.14795326000000025
222,220-loop,9dip,23,Q,-0.096544841
222,220-loop,9dip,26,Q,-0.179666335
222,220-loop,V7,23,Q,-0.011876814
222,220-loop,V7,26,Q,-0.122438858
222,220-loop,V8,23,Q,-0.120100962
222,220-loop,V8,26,Q,0.048980652800000024
222,220-loop,V9,23,Q,-0.074797815
222,220-loop,V9,26,Q,-0.574937331
222,220-loop,V10,23,Q,-0.131374501
222,220-loop,V10,26,Q,-0.288584061
223,220-loop,V3,23,V,0.035406476
223,220-loop,V3,26,V,0.060925465
223,220-loop,9dip,23,V,-0.004872272
223,220-loop,9dip,26,V,0.06517012
223,220-loop,V7,23,V,0.033053142
223,220-loop,V7,26,V,0.053671587
223,220-loop,V8,23,V,0.040304915
223,220-loop,V8,26,V,0.10463660986666667
223,220-loop,V9,23,V,0.033495197
223,220-loop,V9,26,V,0.046247487
223,220-loop,V10,23,V,0.002247679
223,220-loop,V10,26,V,0.061393663
224,220-loop,V3,23,N,0.049434562
224,220-loop,V3,26,N,-0.260760169
224,220-loop,9dip,23,N,-0.019445295
224,220-loop,9dip,26,N,0.15822807493333307
224,220-loop,V7,23,N,0.052035762399999935
224,220-loop,V7,26,N,0.12734417973333376
224,220-loop,V8,23,N,0.013953639199999618
224,220-loop,V8,26,N,0.05222993
224,220-loop,V9,23,N,0.032841693
224,220-loop,V9,26,N,0.10767774213333309
224,220-loop,V10,23,N,-0.155792911
224,220-loop,V10,26,N,0.098472456
225,220-loop,V3,23,G,0.030501209
225,220-loop,V3,26,G,-0.193803685
225,220-loop,9dip,23,G,-0.082810864
225,220-loop,9dip,26,G,0.15385558079999984
225,220-loop,V7,23,G,-0.256271372
225,220-loop,V7,26,G,-0.152185668
225,220-loop,V8,23,G,0.065336044
225,220-loop,V8,26,G,0.012036713866666937
225,220-loop,V9,23,G,-0.121611034
225,220-loop,V9,26,G,-0.427954671
225,220-loop,V10,23,G,-0.314231799
225,220-loop,V10,26,G,-0.746248076
226,220-loop,V3,23,Q,-0.820730862
226,220-loop,V3,26,Q,1.1736720906666651
226,220-loop,9dip,23,Q,0.12788669308541323
226,220-loop,9dip,26,Q,0.073916815
226,220-loop,V7,23,Q,-1.296671865
226,220-loop,V7,26,Q,-1.119232206
226,220-loop,V8,23,Q,2.178762687733327
226,220-loop,V8,26,Q,-0.957351422
226,220-loop,V9,23,Q,0.2988545896000012
226,220-loop,V9,26,Q,-2.043368192
226,220-loop,V10,23,Q,2.605942760266659
226,220-loop,V10,26,Q,-2.158161528
227,220-loop,V3,23,R,-0.019607041
227,220-loop,V3,26,R,0.7743010522666682
227,220-loop,9dip,23,R,0.10710969745997212
227,220-loop,9dip,26,R,-0.120486643
227,220-loop,V7,23,R,0.1864051234666666
227,220-loop,V7,26,R,-0.475436067
227,220-loop,V8,23,R,0.14531830373333188
227,220-loop,V8,26,R,-0.058603683
227,220-loop,V9,23,R,0.039986966
227,220-loop,V9,26,R,-0.610907475
227,220-loop,V10,23,R,0.38516411999999955
227,220-loop,V10,26,R,-0.18914754
228,220-loop,V3,23,G,-0.147579108
228,220-loop,V3,26,G,0.15874252773333386
228,220-loop,9dip,23,G,-0.006119055
228,220-loop,9dip,26,G,0.069612015
228,220-loop,V7,23,G,-0.186054064
228,220-loop,V7,26,G,-0.235943776
228,220-loop,V8,23,G,0.27078859999999993
228,220-loop,V8,26,G,-0.104051174
228,220-loop,V9,23,G,0.052921131
228,220-loop,V9,26,G,-0.275195641
228,220-loop,V10,23,G,0.405440427
228,220-loop,V10,26,G,-0.321325452