variant,linkage,RBS_region,total_mean,baseline,delta_vs_2021
2021ref,23,130-loop,-19.474792158133337,-19.474792158133337,0.0
2021ref,23,190-helix,-10.150681897333333,-10.150681897333333,0.0
2021ref,23,220-loop,-12.184235266666663,-12.184235266666663,0.0
2021ref,23,base-network,-12.882978458933335,-12.882978458933335,0.0
2021ref,26,130-loop,-14.171866981066668,-14.171866981066668,0.0
2021ref,26,190-helix,-11.710663115466664,-11.710663115466664,0.0
2021ref,26,220-loop,-11.802517383466665,-11.802517383466665,0.0
2021ref,26,base-network,-10.859009670400003,-10.859009670400003,0.0
9dip,23,130-loop,-23.457268978874804,-19.474792158133337,-3.982476820741468
9dip,23,190-helix,-10.677362617562892,-10.150681897333333,-0.5266807202295585
9dip,23,220-loop,-12.192564568079193,-12.184235266666663,-0.008329301412530299
9dip,23,base-network,-13.5224719492748,-12.882978458933335,-0.6394934903414651
9dip,26,130-loop,-14.718992595199992,-14.171866981066668,-0.547125614133325
9dip,26,190-helix,-12.372406505066674,-11.710663115466664,-0.6617433896000104
9dip,26,220-loop,-11.581211114666672,-11.802517383466665,0.22130626879999227
9dip,26,base-network,-10.5823005912,-10.859009670400003,0.2767090792000033
V10,23,130-loop,-16.01459526266666,-19.474792158133337,3.4601968954666766
V10,23,190-helix,-8.198512582933338,-10.150681897333333,1.9521693143999954
V10,23,220-loop,-9.41269055493334,-12.184235266666663,2.7715447117333234
V10,23,base-network,-9.63234570293333,-12.882978458933335,3.2506327560000052
V10,26,130-loop,-19.999958687466663,-14.171866981066668,-5.828091706399995
V10,26,190-helix,-12.706828794666663,-11.710663115466664,-0.9961656791999989
V10,26,220-loop,-15.346585052266665,-11.802517383466665,-3.5440676688000003
V10,26,base-network,-14.037095664799999,-10.859009670400003,-3.1780859943999964
V3,23,130-loop,-23.72772587573333,-19.474792158133337,-4.252933717599994
V3,23,190-helix,-13.549256847999999,-10.150681897333333,-3.3985749506666654
V3,23,220-loop,-12.976723616266666,-12.184235266666663,-0.7924883496000028
V3,23,base-network,-14.552802110933337,-12.882978458933335,-1.6698236520000016
V3,26,130-loop,-12.648522640533335,-14.171866981066668,1.523344340533333
V3,26,190-helix,-11.068038604266675,-11.710663115466664,0.6426245111999886
V3,26,220-loop,-9.927242321866665,-11.802517383466665,1.8752750616
V3,26,base-network,-9.667959642666666,-10.859009670400003,1.1910500277333362
V7,23,130-loop,-25.566365254933327,-19.474792158133337,-6.091573096799991
V7,23,190-helix,-14.70924839333333,-10.150681897333333,-4.558566495999996
V7,23,220-loop,-13.665220519466667,-12.184235266666663,-1.4809852528000036
V7,23,base-network,-15.3275375368,-12.882978458933335,-2.444559077866664
V7,26,130-loop,-14.514265416000004,-14.171866981066668,-0.34239843493333666
V7,26,190-helix,-12.470132649333337,-11.710663115466664,-0.7594695338666728
V7,26,220-loop,-13.73638461306667,-11.802517383466665,-1.933867229600006
V7,26,base-network,-12.052369912533335,-10.859009670400003,-1.1933602421333322
V8,23,130-loop,-10.801120675200004,-19.474792158133337,8.673671482933333
V8,23,190-helix,-9.657841551466662,-10.150681897333333,0.49284034586667147
V8,23,220-loop,-9.594369670666673,-12.184235266666663,2.5898655959999903
V8,23,base-network,-9.765933827199996,-12.882978458933335,3.1170446317333393
V8,26,130-loop,-16.712039952266664,-14.171866981066668,-2.540172971199997
V8,26,190-helix,-11.587424273333333,-11.710663115466664,0.1232388421333308
V8,26,220-loop,-12.6980934488,-11.802517383466665,-0.8955760653333353
V8,26,base-network,-12.08050480266667,-10.859009670400003,-1.2214951322666678
V9,23,130-loop,-18.705885733866666,-19.474792158133337,0.768906424266671
V9,23,190-helix,-10.090240321866666,-10.150681897333333,0.060441575466667175
V9,23,220-loop,-11.916387293866665,-12.184235266666663,0.2678479727999985
V9,23,base-network,-12.284479939200002,-12.882978458933335,0.598498519733333
V9,26,130-loop,-19.76457480666667,-14.171866981066668,-5.592707825600002
V9,26,190-helix,-13.195007481066666,-11.710663115466664,-1.484344365600002
V9,26,220-loop,-15.586074653599997,-11.802517383466665,-3.7835572701333327
V9,26,base-network,-13.311126804533332,-10.859009670400003,-2.4521171341333297
