variant_oldnum,linkage,RBS_region,total_mean,baseline,delta_vs_2021
2021ref,23,130-loop,-19.47479216,-19.47479216,0
2021ref,23,190-helix,-10.1506819,-10.1506819,0
2021ref,23,220-loop,-12.18423527,-12.18423527,0
2021ref,23,base-network,-12.88297846,-12.88297846,0
2021ref,26,130-loop,-14.17186698,-14.17186698,0
2021ref,26,190-helix,-11.71066312,-11.71066312,0
2021ref,26,220-loop,-11.80251738,-11.80251738,0
2021ref,26,base-network,-10.85900967,-10.85900967,0
9dip,23,130-loop,-23.45726898,-19.47479216,-3.982476821
9dip,23,190-helix,-10.67736262,-10.1506819,-0.52668072
9dip,23,220-loop,-12.19256457,-12.18423527,-0.008329301
9dip,23,base-network,-13.52247195,-12.88297846,-0.63949349
9dip,26,130-loop,-14.7189926,-14.17186698,-0.547125614
9dip,26,190-helix,-12.37240651,-11.71066312,-0.66174339
9dip,26,220-loop,-11.58121111,-11.80251738,0.22130626879999227
9dip,26,base-network,-10.58230059,-10.85900967,0.2767090792000033
V10,23,130-loop,-16.01459526,-19.47479216,3.4601968954666766
V10,23,190-helix,-8.198512583,-10.1506819,1.9521693143999954
V10,23,220-loop,-9.412690555,-12.18423527,2.7715447117333234
V10,23,base-network,-9.632345703,-12.88297846,3.2506327560000052
V10,26,130-loop,-19.99995869,-14.17186698,-5.828091706
V10,26,190-helix,-12.70682879,-11.71066312,-0.996165679
V10,26,220-loop,-15.34658505,-11.80251738,-3.544067669
V10,26,base-network,-14.03709566,-10.85900967,-3.178085994
V3,23,130-loop,-23.72772588,-19.47479216,-4.252933718
V3,23,190-helix,-13.54925685,-10.1506819,-3.398574951
V3,23,220-loop,-12.97672362,-12.18423527,-0.79248835
V3,23,base-network,-14.55280211,-12.88297846,-1.669823652
V3,26,130-loop,-12.64852264,-14.17186698,1.523344340533333
V3,26,190-helix,-11.0680386,-11.71066312,0.6426245111999886
V3,26,220-loop,-9.927242322,-11.80251738,1.875275062
V3,26,base-network,-9.667959643,-10.85900967,1.1910500277333362
V7,23,130-loop,-25.56636525,-19.47479216,-6.091573097
V7,23,190-helix,-14.70924839,-10.1506819,-4.558566496
V7,23,220-loop,-13.66522052,-12.18423527,-1.480985253
V7,23,base-network,-15.32753754,-12.88297846,-2.444559078
V7,26,130-loop,-14.51426542,-14.17186698,-0.342398435
V7,26,190-helix,-12.47013265,-11.71066312,-0.759469534
V7,26,220-loop,-13.73638461,-11.80251738,-1.93386723
V7,26,base-network,-12.05236991,-10.85900967,-1.193360242
V8,23,130-loop,-10.80112068,-19.47479216,8.673671482933333
V8,23,190-helix,-9.657841551,-10.1506819,0.49284034586667147
V8,23,220-loop,-9.594369671,-12.18423527,2.5898655959999903
V8,23,base-network,-9.765933827,-12.88297846,3.1170446317333393
V8,26,130-loop,-16.71203995,-14.17186698,-2.540172971
V8,26,190-helix,-11.58742427,-11.71066312,0.1232388421333308
V8,26,220-loop,-12.69809345,-11.80251738,-0.895576065
V8,26,base-network,-12.0805048,-10.85900967,-1.221495132
V9,23,130-loop,-18.70588573,-19.47479216,0.768906424
V9,23,190-helix,-10.09024032,-10.1506819,0.060441575466667175
V9,23,220-loop,-11.91638729,-12.18423527,0.2678479727999985
V9,23,base-network,-12.28447994,-12.88297846,0.59849852
V9,26,130-loop,-19.76457481,-14.17186698,-5.592707826
V9,26,190-helix,-13.19500748,-11.71066312,-1.484344366
V9,26,220-loop,-15.58607465,-11.80251738,-3.78355727
V9,26,base-network,-13.3111268,-10.85900967,-2.452117134