run_old_var_num,rbs_dir,protomer,nframes,mean_area,std_area,min_area,max_area
0.1.9dip_23.amber_renamegly,0.1.9dip_23.amber_renamegly_rbs,1,1000,56.755840505314644,2.276311734966697,48.844530175085964,64.52265776412669
0.1.9dip_23.amber_renamegly,0.1.9dip_23.amber_renamegly_rbs,2,1000,57.155087850867055,2.9714769863218127,45.62019197012668,70.93649340561404
0.1.9dip_23.amber_renamegly,0.1.9dip_23.amber_renamegly_rbs,3,1000,60.235380541874626,3.080129167310088,51.01766571889628,74.65561842812544
0.2.9dip_23.amber_renamegly,0.2.9dip_23.amber_renamegly_rbs,1,1000,55.287793505226944,2.415960040576192,47.987967455224805,65.23612378764555
0.2.9dip_23.amber_renamegly,0.2.9dip_23.amber_renamegly_rbs,2,1000,55.07402448917191,2.4482211923390005,49.223764007295735,65.01047909088028
0.2.9dip_23.amber_renamegly,0.2.9dip_23.amber_renamegly_rbs,3,1000,56.38838506719195,2.554738705274714,49.857879621848106,65.35382768
0.0.9dip_23.amber_renamegly,0.0.9dip_23.amber_renamegly_rbs,1,1000,57.448464129881934,4.036859670018804,48.70194374572521,71.44063323112493
0.0.9dip_23.amber_renamegly,0.0.9dip_23.amber_renamegly_rbs,2,1000,55.50601174790897,2.5951501120611598,47.643834343613015,65.19189095
0.0.9dip_23.amber_renamegly,0.0.9dip_23.amber_renamegly_rbs,3,1000,56.481219860993576,2.732966593855469,50.30468972554231,69.47447604761125
1.2.final_MUT_EPI_ISL_19825654_5muts_bj2_V5_23_amber,1.2.final_MUT_EPI_ISL_19825654_5muts_bj2_V5_23_amber_rbs,1,1000,61.209717793887314,4.414671281335833,43.082574944744884,91.09357645642386
1.2.final_MUT_EPI_ISL_19825654_5muts_bj2_V5_23_amber,1.2.final_MUT_EPI_ISL_19825654_5muts_bj2_V5_23_amber_rbs,2,1000,55.051662840637725,3.600235430180346,44.82577191877516,66.75493870519702
1.2.final_MUT_EPI_ISL_19825654_5muts_bj2_V5_23_amber,1.2.final_MUT_EPI_ISL_19825654_5muts_bj2_V5_23_amber_rbs,3,1000,55.36907593192731,2.868702860159376,47.63369549154354,67.07899805805897
0.2.final_MUT_EPI_ISL_19792280_4muts_bj4_V8_23_amber,0.2.final_MUT_EPI_ISL_19792280_4muts_bj4_V8_23_amber_rbs,1,1000,56.18368264254935,2.8888089522516127,48.30465412844672,68.95122817002563
0.2.final_MUT_EPI_ISL_19792280_4muts_bj4_V8_23_amber,0.2.final_MUT_EPI_ISL_19792280_4muts_bj4_V8_23_amber_rbs,2,1000,56.06743948,2.535190784353001,49.821344497598545,66.73787127892807
0.2.final_MUT_EPI_ISL_19792280_4muts_bj4_V8_23_amber,0.2.final_MUT_EPI_ISL_19792280_4muts_bj4_V8_23_amber_rbs,3,1000,55.764419565797375,2.399762065235969,49.53825945828052,67.45211386
0.1.final_MUT_EPI_ISL_19792280_4muts_bj4_V8_23_amber,0.1.final_MUT_EPI_ISL_19792280_4muts_bj4_V8_23_amber_rbs,1,1000,56.65700534094103,2.7059064650565876,48.18869049019007,68.64720898959209
0.1.final_MUT_EPI_ISL_19792280_4muts_bj4_V8_23_amber,0.1.final_MUT_EPI_ISL_19792280_4muts_bj4_V8_23_amber_rbs,2,1000,58.21951597179399,3.4058574358203244,48.39417702640888,66.52032217613305
0.1.final_MUT_EPI_ISL_19792280_4muts_bj4_V8_23_amber,0.1.final_MUT_EPI_ISL_19792280_4muts_bj4_V8_23_amber_rbs,3,1000,58.89746939517061,3.4616081006162043,49.99920215663006,72.03002914440809
4.0.final_MUT_EPI_ISL_19859615_4muts_bj2_V3_23_amber,4.0.final_MUT_EPI_ISL_19859615_4muts_bj2_V3_23_amber_rbs,1,1000,57.77191148371981,3.600975108640793,50.307558445352754,70.49793484301608
4.0.final_MUT_EPI_ISL_19859615_4muts_bj2_V3_23_amber,4.0.final_MUT_EPI_ISL_19859615_4muts_bj2_V3_23_amber_rbs,2,1000,55.66602113571142,2.5357315068587174,47.87016039276787,64.76572661075929
4.0.final_MUT_EPI_ISL_19859615_4muts_bj2_V3_23_amber,4.0.final_MUT_EPI_ISL_19859615_4muts_bj2_V3_23_amber_rbs,3,1000,56.28444449190777,3.2576830607323926,48.519050606933654,67.13716058449116
3.0.final_MUT_EPI_ISL_19859557_4muts_bj2_V4_23_amber,3.0.final_MUT_EPI_ISL_19859557_4muts_bj2_V4_23_amber_rbs,1,1000,55.42344589014861,2.2610054569280598,49.69272698,64.90139382250884
3.0.final_MUT_EPI_ISL_19859557_4muts_bj2_V4_23_amber,3.0.final_MUT_EPI_ISL_19859557_4muts_bj2_V4_23_amber_rbs,2,1000,54.900557839804094,2.1379141632109446,49.04613256037414,62.71729760655988
3.0.final_MUT_EPI_ISL_19859557_4muts_bj2_V4_23_amber,3.0.final_MUT_EPI_ISL_19859557_4muts_bj2_V4_23_amber_rbs,3,1000,55.56759943105769,2.4614565115365568,47.77084773564269,65.59784992337893
1.1.final_MUT_EPI_ISL_19825654_5muts_bj2_V5_23_amber,1.1.final_MUT_EPI_ISL_19825654_5muts_bj2_V5_23_amber_rbs,1,1000,59.71977824728459,3.6985845637776555,50.78194168766357,75.48057083665365
1.1.final_MUT_EPI_ISL_19825654_5muts_bj2_V5_23_amber,1.1.final_MUT_EPI_ISL_19825654_5muts_bj2_V5_23_amber_rbs,2,1000,56.17840097244148,3.9338809987536494,36.67211798488031,70.35199888647959
1.1.final_MUT_EPI_ISL_19825654_5muts_bj2_V5_23_amber,1.1.final_MUT_EPI_ISL_19825654_5muts_bj2_V5_23_amber_rbs,3,1000,56.762896237152134,4.316669693041122,48.475873398034935,73.28961206743426
2.0.final_MUT_EPI_ISL_19859549_5muts_bj5_V6_23_amber,2.0.final_MUT_EPI_ISL_19859549_5muts_bj5_V6_23_amber_rbs,1,1000,61.40675161210805,2.8734608639466765,51.69715142689264,71.74709539237428
2.0.final_MUT_EPI_ISL_19859549_5muts_bj5_V6_23_amber,2.0.final_MUT_EPI_ISL_19859549_5muts_bj5_V6_23_amber_rbs,2,1000,60.574445079833716,2.382658791641827,54.103588193339114,68.55811929062845
2.0.final_MUT_EPI_ISL_19859549_5muts_bj5_V6_23_amber,2.0.final_MUT_EPI_ISL_19859549_5muts_bj5_V6_23_amber_rbs,3,1000,59.116396985761696,3.722314300109029,49.63987423,69.97987477
4.2.final_MUT_EPI_ISL_19859615_4muts_bj2_V3_23_amber,4.2.final_MUT_EPI_ISL_19859615_4muts_bj2_V3_23_amber_rbs,1,1000,56.95224389118269,2.709260029469216,48.715353727218755,65.83223331191081
4.2.final_MUT_EPI_ISL_19859615_4muts_bj2_V3_23_amber,4.2.final_MUT_EPI_ISL_19859615_4muts_bj2_V3_23_amber_rbs,2,1000,55.51005091815774,2.634500666635203,48.212085825612185,65.78482104678052
4.2.final_MUT_EPI_ISL_19859615_4muts_bj2_V3_23_amber,4.2.final_MUT_EPI_ISL_19859615_4muts_bj2_V3_23_amber_rbs,3,1000,56.84216475490551,2.3000149715900258,49.20944019482949,65.35754926702008
3.2.final_MUT_EPI_ISL_19859557_4muts_bj2_V4_23_amber,3.2.final_MUT_EPI_ISL_19859557_4muts_bj2_V4_23_amber_rbs,1,1000,56.87826912213949,2.447131860801453,48.817227067217146,65.89466641
3.2.final_MUT_EPI_ISL_19859557_4muts_bj2_V4_23_amber,3.2.final_MUT_EPI_ISL_19859557_4muts_bj2_V4_23_amber_rbs,2,1000,54.190191430636965,2.335792276680077,48.06660927308661,63.644707450502125
3.2.final_MUT_EPI_ISL_19859557_4muts_bj2_V4_23_amber,3.2.final_MUT_EPI_ISL_19859557_4muts_bj2_V4_23_amber_rbs,3,1000,55.215570630805246,2.1739540096725527,49.25083702171918,62.649127053422525
2.2.final_MUT_EPI_ISL_19859549_5muts_bj5_V6_23_amber,2.2.final_MUT_EPI_ISL_19859549_5muts_bj5_V6_23_amber_rbs,1,1000,55.205641165123495,2.5400812142141374,48.452721732031115,68.57392609809766
2.2.final_MUT_EPI_ISL_19859549_5muts_bj5_V6_23_amber,2.2.final_MUT_EPI_ISL_19859549_5muts_bj5_V6_23_amber_rbs,2,1000,59.04969784600648,3.5909140573670753,47.15598489304679,73.17897609746609
2.2.final_MUT_EPI_ISL_19859549_5muts_bj5_V6_23_amber,2.2.final_MUT_EPI_ISL_19859549_5muts_bj5_V6_23_amber_rbs,3,1000,63.31534449742238,7.780502214086525,44.57012393662909,96.02245404432652
3.1.final_MUT_EPI_ISL_19859557_4muts_bj2_V4_23_amber,3.1.final_MUT_EPI_ISL_19859557_4muts_bj2_V4_23_amber_rbs,1,1000,57.770164416648754,2.9914799603216027,50.40895733162761,69.47850305710821
3.1.final_MUT_EPI_ISL_19859557_4muts_bj2_V4_23_amber,3.1.final_MUT_EPI_ISL_19859557_4muts_bj2_V4_23_amber_rbs,2,1000,56.71385271694797,3.3574586851460753,49.152944689025034,66.49364713809493
3.1.final_MUT_EPI_ISL_19859557_4muts_bj2_V4_23_amber,3.1.final_MUT_EPI_ISL_19859557_4muts_bj2_V4_23_amber_rbs,3,1000,56.96630039132289,2.332028019441225,49.68985881352178,67.16252372753873
2.1.final_MUT_EPI_ISL_19859549_5muts_bj5_V6_23_amber,2.1.final_MUT_EPI_ISL_19859549_5muts_bj5_V6_23_amber_rbs,1,1000,54.941320967838074,2.1632529751464538,49.24677250696374,63.73136013574619
2.1.final_MUT_EPI_ISL_19859549_5muts_bj5_V6_23_amber,2.1.final_MUT_EPI_ISL_19859549_5muts_bj5_V6_23_amber_rbs,2,1000,59.32269914101922,3.871553470455025,45.86430697238956,71.59661932971672
2.1.final_MUT_EPI_ISL_19859549_5muts_bj5_V6_23_amber,2.1.final_MUT_EPI_ISL_19859549_5muts_bj5_V6_23_amber_rbs,3,1000,60.38433157445364,4.719284748053891,47.37283962508251,85.63523360576382
1.0.final_MUT_EPI_ISL_19825654_5muts_bj2_V5_23_amber,1.0.final_MUT_EPI_ISL_19825654_5muts_bj2_V5_23_amber_rbs,1,1000,58.36194552302658,3.7158275932869977,47.810611742312034,72.36922128050195
1.0.final_MUT_EPI_ISL_19825654_5muts_bj2_V5_23_amber,1.0.final_MUT_EPI_ISL_19825654_5muts_bj2_V5_23_amber_rbs,2,1000,57.99636108186964,3.6749684627968677,49.83212784997828,70.88836158019362
1.0.final_MUT_EPI_ISL_19825654_5muts_bj2_V5_23_amber,1.0.final_MUT_EPI_ISL_19825654_5muts_bj2_V5_23_amber_rbs,3,1000,55.11160667,2.371109844319449,49.41475547455034,66.46332831231507
0.0.final_MUT_EPI_ISL_19792280_4muts_bj4_V8_23_amber,0.0.final_MUT_EPI_ISL_19792280_4muts_bj4_V8_23_amber_rbs,1,1000,59.77335253636527,2.993536970927708,50.415211135559964,70.45062514037589
0.0.final_MUT_EPI_ISL_19792280_4muts_bj4_V8_23_amber,0.0.final_MUT_EPI_ISL_19792280_4muts_bj4_V8_23_amber_rbs,2,1000,62.37933194,3.5543432671710926,48.36444040358421,76.11916980006906
0.0.final_MUT_EPI_ISL_19792280_4muts_bj4_V8_23_amber,0.0.final_MUT_EPI_ISL_19792280_4muts_bj4_V8_23_amber_rbs,3,1000,56.770904990575175,3.5418811091668836,49.601262588891295,68.25255378550672
4.1.final_MUT_EPI_ISL_19859615_4muts_bj2_V3_23_amber,4.1.final_MUT_EPI_ISL_19859615_4muts_bj2_V3_23_amber_rbs,1,1000,57.108822973478574,3.194755260035405,49.11184200762344,70.67453596094411
4.1.final_MUT_EPI_ISL_19859615_4muts_bj2_V3_23_amber,4.1.final_MUT_EPI_ISL_19859615_4muts_bj2_V3_23_amber_rbs,2,1000,59.21996653,3.6320283844540358,49.88861322970445,74.09649479858498
4.1.final_MUT_EPI_ISL_19859615_4muts_bj2_V3_23_amber,4.1.final_MUT_EPI_ISL_19859615_4muts_bj2_V3_23_amber_rbs,3,1000,55.959823269633084,2.442293796842057,49.37523561850191,63.374350166060815
0.2.2021_ref_23,0.2.2021_ref_23_rbs,1,1000,58.915026744990726,3.8479505055505294,49.539260744021945,69.89549401967629
0.2.2021_ref_23,0.2.2021_ref_23_rbs,2,1000,56.946256975469815,3.597677362164043,49.39126833218489,74.11161142056237
0.2.2021_ref_23,0.2.2021_ref_23_rbs,3,1000,56.62416076792279,2.532103445336048,49.71925621910547,65.44353678858411
0.0.2021_ref_23,0.0.2021_ref_23_rbs,1,1000,60.562338938795975,3.358836564,50.45198731356722,73.26134314666503
0.0.2021_ref_23,0.0.2021_ref_23_rbs,2,1000,57.67091997360068,3.5099813113483993,48.235001700601075,70.13945434000978
0.0.2021_ref_23,0.0.2021_ref_23_rbs,3,1000,58.19826721129329,3.6764973354879498,48.89980792257502,71.56419310501606
0.1.2021_ref_23,0.1.2021_ref_23_rbs,1,1000,56.60538609379786,2.7238724213651913,50.43859030541204,67.78013340242425
0.1.2021_ref_23,0.1.2021_ref_23_rbs,2,1000,55.25424957577269,2.4656825864365666,49.27232765,67.60801018956205
0.1.2021_ref_23,0.1.2021_ref_23_rbs,3,1000,61.90210285915486,3.704948557583491,52.79958200026073,80.41084616467603
0.1.9dip_26.amber_renamegly,0.1.9dip_26.amber_renamegly_rbs,1,1000,58.244271421454364,3.568882574029201,47.577944152700546,72.38346100521623
0.1.9dip_26.amber_renamegly,0.1.9dip_26.amber_renamegly_rbs,2,1000,60.26500721861551,4.158864616141129,49.85750332807727,81.59542428
0.1.9dip_26.amber_renamegly,0.1.9dip_26.amber_renamegly_rbs,3,1000,58.19891928959501,3.4817032285291702,49.76942505250987,76.83986730517397
0.2.9dip_26.amber_renamegly,0.2.9dip_26.amber_renamegly_rbs,1,1000,58.63889127740917,2.9854604258412545,50.9088282,70.38630690070123
0.2.9dip_26.amber_renamegly,0.2.9dip_26.amber_renamegly_rbs,2,1000,55.530900074027436,2.671310865872289,49.17724741792355,67.34733533818672
0.2.9dip_26.amber_renamegly,0.2.9dip_26.amber_renamegly_rbs,3,1000,57.77205777332616,4.789593089201495,45.08012416923035,73.25299265685521
0.0.9dip_26.amber_renamegly,0.0.9dip_26.amber_renamegly_rbs,1,1000,58.939425293990325,3.5972147187944423,48.57368175085137,71.43627583102551
0.0.9dip_26.amber_renamegly,0.0.9dip_26.amber_renamegly_rbs,2,1000,54.69840723715661,2.430957449497682,47.79179304663026,63.419767598434966
0.0.9dip_26.amber_renamegly,0.0.9dip_26.amber_renamegly_rbs,3,1000,59.453886897533536,4.236898673355923,50.76673889075016,78.87446615737167
0.2.2021_ref_26,0.2.2021_ref_26_rbs,1,1000,57.46680628654615,3.1115703308563862,49.03715828213546,69.65229559099882
0.2.2021_ref_26,0.2.2021_ref_26_rbs,2,1000,55.728458375525676,2.537335011777593,49.187544697334964,65.20362406413378
0.2.2021_ref_26,0.2.2021_ref_26_rbs,3,1000,57.45134170050072,3.378711022,48.61520579941292,67.91114817995711
0.0.2021_ref_26,0.0.2021_ref_26_rbs,1,1000,58.80995476203874,3.2287253804800136,50.017156108191784,70.62242374033242
0.0.2021_ref_26,0.0.2021_ref_26_rbs,2,1000,56.57803837821136,3.316372879672844,48.982417537711264,67.65767074
0.0.2021_ref_26,0.0.2021_ref_26_rbs,3,1000,59.68451763549162,3.208557081087726,50.622603015625764,71.44873896348005
0.1.2021_ref_26,0.1.2021_ref_26_rbs,1,1000,58.484988723787126,3.819072937964599,45.783335944794025,73.56599780490528
0.1.2021_ref_26,0.1.2021_ref_26_rbs,2,1000,59.49046580135665,2.2698118665982854,52.47789516721809,67.10763016
0.1.2021_ref_26,0.1.2021_ref_26_rbs,3,1000,61.242585623930005,4.418663330107907,50.83632517006258,81.71658509924985
3.2.final_MUT_EPI_ISL_19859557_4muts_bj5_V4_26_amber,3.2.final_MUT_EPI_ISL_19859557_4muts_bj5_V4_26_amber_rbs,1,1000,54.76649270833307,2.445751341782189,47.506897529596245,63.67353560855763
3.2.final_MUT_EPI_ISL_19859557_4muts_bj5_V4_26_amber,3.2.final_MUT_EPI_ISL_19859557_4muts_bj5_V4_26_amber_rbs,2,1000,59.061396915193775,3.5961990478817065,50.55908114636219,75.71487165709951
3.2.final_MUT_EPI_ISL_19859557_4muts_bj5_V4_26_amber,3.2.final_MUT_EPI_ISL_19859557_4muts_bj5_V4_26_amber_rbs,3,1000,57.06538040116987,2.564747299933634,49.072448378044186,65.45336158168932
4.1.final_MUT_EPI_ISL_19859615_4muts_bj3_V3_26_amber,4.1.final_MUT_EPI_ISL_19859615_4muts_bj3_V3_26_amber_rbs,1,1000,57.85992809,3.5171095341360354,46.05964334326352,69.90245037022586
4.1.final_MUT_EPI_ISL_19859615_4muts_bj3_V3_26_amber,4.1.final_MUT_EPI_ISL_19859615_4muts_bj3_V3_26_amber_rbs,2,1000,59.584649404709054,2.6756355688109332,51.21386697708748,70.21865810542884
4.1.final_MUT_EPI_ISL_19859615_4muts_bj3_V3_26_amber,4.1.final_MUT_EPI_ISL_19859615_4muts_bj3_V3_26_amber_rbs,3,1000,59.791387920983475,3.3549818184979796,43.12763445448223,72.78549439102096
1.0.final_MUT_EPI_ISL_19825654_5muts_bj1_V5_26_amber,1.0.final_MUT_EPI_ISL_19825654_5muts_bj1_V5_26_amber_rbs,1,1000,57.63854307823784,3.7320522843207904,48.40950428927279,70.25483783185136
1.0.final_MUT_EPI_ISL_19825654_5muts_bj1_V5_26_amber,1.0.final_MUT_EPI_ISL_19825654_5muts_bj1_V5_26_amber_rbs,2,1000,56.30007119527715,3.048797205776217,47.199999847134514,70.66355123
1.0.final_MUT_EPI_ISL_19825654_5muts_bj1_V5_26_amber,1.0.final_MUT_EPI_ISL_19825654_5muts_bj1_V5_26_amber_rbs,3,1000,55.35073560839512,2.5100203362510536,49.101858788766116,66.48041884
4.2.final_MUT_EPI_ISL_19859615_4muts_bj3_V3_26_amber,4.2.final_MUT_EPI_ISL_19859615_4muts_bj3_V3_26_amber_rbs,1,1000,57.61692047054718,3.252077332558599,48.75291858450485,71.89990309261725
4.2.final_MUT_EPI_ISL_19859615_4muts_bj3_V3_26_amber,4.2.final_MUT_EPI_ISL_19859615_4muts_bj3_V3_26_amber_rbs,2,1000,59.48434995845118,3.744809954,48.58818622,80.37400253899636
4.2.final_MUT_EPI_ISL_19859615_4muts_bj3_V3_26_amber,4.2.final_MUT_EPI_ISL_19859615_4muts_bj3_V3_26_amber_rbs,3,1000,56.31595416072421,2.673175022581406,48.97916551020465,64.87663089852897
0.0.final_MUT_EPI_ISL_19792280_4muts_bj3_V8_26_amber,0.0.final_MUT_EPI_ISL_19792280_4muts_bj3_V8_26_amber_rbs,1,1000,55.99530256918626,2.751960528085752,48.52857757,64.57690061361475
0.0.final_MUT_EPI_ISL_19792280_4muts_bj3_V8_26_amber,0.0.final_MUT_EPI_ISL_19792280_4muts_bj3_V8_26_amber_rbs,2,1000,54.41640369531409,2.326566814770124,48.513123374399896,62.78921472
0.0.final_MUT_EPI_ISL_19792280_4muts_bj3_V8_26_amber,0.0.final_MUT_EPI_ISL_19792280_4muts_bj3_V8_26_amber_rbs,3,1000,59.330781986670665,3.026701059,49.63544496872144,67.76394176676781
2.0.final_MUT_EPI_ISL_19859549_5muts_bj5_V6_26_amber,2.0.final_MUT_EPI_ISL_19859549_5muts_bj5_V6_26_amber_rbs,1,1000,52.81893737805301,3.2517402177348678,44.81336912,64.52037600959422
2.0.final_MUT_EPI_ISL_19859549_5muts_bj5_V6_26_amber,2.0.final_MUT_EPI_ISL_19859549_5muts_bj5_V6_26_amber_rbs,2,1000,57.59728932659804,3.410944210873311,48.84590901820002,68.59350619
2.0.final_MUT_EPI_ISL_19859549_5muts_bj5_V6_26_amber,2.0.final_MUT_EPI_ISL_19859549_5muts_bj5_V6_26_amber_rbs,3,1000,56.25629750639658,2.608254796351419,49.72524057898626,66.45774355037824
3.1.final_MUT_EPI_ISL_19859557_4muts_bj5_V4_26_amber,3.1.final_MUT_EPI_ISL_19859557_4muts_bj5_V4_26_amber_rbs,1,1000,59.31412317579656,3.062153932720518,47.15955788293433,70.32584261616422
3.1.final_MUT_EPI_ISL_19859557_4muts_bj5_V4_26_amber,3.1.final_MUT_EPI_ISL_19859557_4muts_bj5_V4_26_amber_rbs,2,1000,59.13503839009493,3.4390286367377594,47.902551552279796,74.76908953743964
3.1.final_MUT_EPI_ISL_19859557_4muts_bj5_V4_26_amber,3.1.final_MUT_EPI_ISL_19859557_4muts_bj5_V4_26_amber_rbs,3,1000,58.45244964932489,3.248118348544842,50.50791547193801,68.66392002199144
0.2.final_MUT_EPI_ISL_19792280_4muts_bj3_V8_26_amber,0.2.final_MUT_EPI_ISL_19792280_4muts_bj3_V8_26_amber_rbs,1,1000,57.42629347121561,2.580594133109498,50.02428309558011,64.85944989632188
0.2.final_MUT_EPI_ISL_19792280_4muts_bj3_V8_26_amber,0.2.final_MUT_EPI_ISL_19792280_4muts_bj3_V8_26_amber_rbs,2,1000,55.261879479838214,2.572452000645823,48.26585284958876,68.93603980536362
0.2.final_MUT_EPI_ISL_19792280_4muts_bj3_V8_26_amber,0.2.final_MUT_EPI_ISL_19792280_4muts_bj3_V8_26_amber_rbs,3,1000,56.614126544500664,3.141738915857816,49.71534823,67.46665006394876
1.1.final_MUT_EPI_ISL_19825654_5muts_bj1_V5_26_amber,1.1.final_MUT_EPI_ISL_19825654_5muts_bj1_V5_26_amber_rbs,1,1000,55.076028600454066,2.8661921976573046,47.98521861548896,68.68984838825953
1.1.final_MUT_EPI_ISL_19825654_5muts_bj1_V5_26_amber,1.1.final_MUT_EPI_ISL_19825654_5muts_bj1_V5_26_amber_rbs,2,1000,58.412968924889675,3.524631107547436,48.18332172,76.25366294930275
1.1.final_MUT_EPI_ISL_19825654_5muts_bj1_V5_26_amber,1.1.final_MUT_EPI_ISL_19825654_5muts_bj1_V5_26_amber_rbs,3,1000,55.25501629698291,2.5119769587438983,49.18830855861208,65.41048162746043
4.0.final_MUT_EPI_ISL_19859615_4muts_bj3_V3_26_amber,4.0.final_MUT_EPI_ISL_19859615_4muts_bj3_V3_26_amber_rbs,1,1000,59.53668339,3.7914338949554796,49.846733435538034,73.36268448422972
4.0.final_MUT_EPI_ISL_19859615_4muts_bj3_V3_26_amber,4.0.final_MUT_EPI_ISL_19859615_4muts_bj3_V3_26_amber_rbs,2,1000,57.315891247051745,3.1886941573468124,49.844662250290526,68.03103922254398
4.0.final_MUT_EPI_ISL_19859615_4muts_bj3_V3_26_amber,4.0.final_MUT_EPI_ISL_19859615_4muts_bj3_V3_26_amber_rbs,3,1000,60.31278252024196,2.990710686,51.743861052967596,70.18712961727448
2.2.final_MUT_EPI_ISL_19859549_5muts_bj5_V6_26_amber,2.2.final_MUT_EPI_ISL_19859549_5muts_bj5_V6_26_amber_rbs,1,1000,57.30755679137817,3.9480532444130594,49.162132850444024,75.09951458782557
2.2.final_MUT_EPI_ISL_19859549_5muts_bj5_V6_26_amber,2.2.final_MUT_EPI_ISL_19859549_5muts_bj5_V6_26_amber_rbs,2,1000,51.638735443274975,3.1894610980534392,43.840619909957276,60.33278200812353
2.2.final_MUT_EPI_ISL_19859549_5muts_bj5_V6_26_amber,2.2.final_MUT_EPI_ISL_19859549_5muts_bj5_V6_26_amber_rbs,3,1000,57.54226385041728,4.197757803420098,48.52320113035866,71.76313783540564
2.1.final_MUT_EPI_ISL_19859549_5muts_bj5_V6_26_amber,2.1.final_MUT_EPI_ISL_19859549_5muts_bj5_V6_26_amber_rbs,1,1000,58.36679910451861,3.975034062897645,49.8795664,87.64307216870152
2.1.final_MUT_EPI_ISL_19859549_5muts_bj5_V6_26_amber,2.1.final_MUT_EPI_ISL_19859549_5muts_bj5_V6_26_amber_rbs,2,1000,59.052159066903094,4.5902115277182345,45.69492223291084,74.85619753890859
2.1.final_MUT_EPI_ISL_19859549_5muts_bj5_V6_26_amber,2.1.final_MUT_EPI_ISL_19859549_5muts_bj5_V6_26_amber_rbs,3,1000,56.78592824192807,3.779947856561759,48.761033138032104,79.65417983398586
3.0.final_MUT_EPI_ISL_19859557_4muts_bj5_V4_26_amber,3.0.final_MUT_EPI_ISL_19859557_4muts_bj5_V4_26_amber_rbs,1,1000,57.93762983553704,3.6952994727174837,47.507363895906984,69.96852035512332
3.0.final_MUT_EPI_ISL_19859557_4muts_bj5_V4_26_amber,3.0.final_MUT_EPI_ISL_19859557_4muts_bj5_V4_26_amber_rbs,2,1000,58.64788172409525,4.615895150921236,47.89851360207248,79.11328921376358
3.0.final_MUT_EPI_ISL_19859557_4muts_bj5_V4_26_amber,3.0.final_MUT_EPI_ISL_19859557_4muts_bj5_V4_26_amber_rbs,3,1000,57.18045357670272,3.5082124657687084,48.42855807,67.49797131043567
0.1.final_MUT_EPI_ISL_19792280_4muts_bj3_V8_26_amber,0.1.final_MUT_EPI_ISL_19792280_4muts_bj3_V8_26_amber_rbs,1,1000,57.65455217980071,4.081150374638886,44.70264416805695,72.76217101827486
0.1.final_MUT_EPI_ISL_19792280_4muts_bj3_V8_26_amber,0.1.final_MUT_EPI_ISL_19792280_4muts_bj3_V8_26_amber_rbs,2,1000,58.96694612224963,3.2257940017653137,48.992228552550024,68.83956245460327
0.1.final_MUT_EPI_ISL_19792280_4muts_bj3_V8_26_amber,0.1.final_MUT_EPI_ISL_19792280_4muts_bj3_V8_26_amber_rbs,3,1000,57.90389318967066,3.781642817323948,48.99591548841079,71.04659090634503
1.2.final_MUT_EPI_ISL_19825654_5muts_bj1_V5_26_amber,1.2.final_MUT_EPI_ISL_19825654_5muts_bj1_V5_26_amber_rbs,1,1000,53.916194860158285,2.235339525,45.597870671628066,61.50367238678835
1.2.final_MUT_EPI_ISL_19825654_5muts_bj1_V5_26_amber,1.2.final_MUT_EPI_ISL_19825654_5muts_bj1_V5_26_amber_rbs,2,1000,57.848181598240835,4.0468332786717145,47.13181658,71.19561883238744
1.2.final_MUT_EPI_ISL_19825654_5muts_bj1_V5_26_amber,1.2.final_MUT_EPI_ISL_19825654_5muts_bj1_V5_26_amber_rbs,3,1000,54.79617804704534,2.2769186520661298,48.92310098024817,62.22460644617623