view,basis,period,metric,bins,k_bins,n_items,rarefy_n,eligible,raw_shannon_q1,raw_simpson_q2,raw_supported_bins,mean_shannon,lo_shannon,hi_shannon,mean_supported,lo_supported,hi_supported
quarterly,seq,2022Q1,af3_delta_d130_190,5,5,447,40,TRUE,1.5320864415109159,1.2086269575789839,5,1.483444429642882,1.120914353826205,2.0143340385692556,1.01,1,1
quarterly,seq,2022Q2,af3_delta_d130_190,5,5,1135,40,TRUE,2.269310566622549,1.6223740203542152,5,2.1817273682556606,1.584648871834574,3.051715028334098,1.4733333333333334,1,3
quarterly,seq,2022Q3,af3_delta_d130_190,5,5,330,40,TRUE,3.29580295,2.509794883613736,5,3.1580125599136384,2.4284993961006953,3.9352585938384324,2.74,2,4
quarterly,seq,2022Q4,af3_delta_d130_190,5,5,563,40,TRUE,4.149002674084153,3.744686632,5,3.9782704051283773,3.289704683182654,4.582755839918923,3.715,3,4
quarterly,seq,2023Q1,af3_delta_d130_190,5,5,301,40,TRUE,4.567862371522031,4.258566392479436,5,4.37770434,3.729655653155031,4.855085286933644,3.8716666666666666,3,5
quarterly,seq,2023Q2,af3_delta_d130_190,5,5,40,40,TRUE,4.003342529623081,3.587443946,4,4.003342529623082,4.003342529623081,4.003342529623081,4,4,4
quarterly,seq,2023Q3,af3_delta_d130_190,5,5,108,40,TRUE,4.344860216,3.9246298788694487,5,4.2162100330538665,3.5876569414992376,4.7091781364719205,3.566666666666667,2,5
quarterly,seq,2023Q4,af3_delta_d130_190,5,5,703,40,TRUE,3.8731465808652046,3.534330727807138,5,3.6905341323893066,3.076526065139996,4.3379675830926985,3.075,3,4
quarterly,seq,2024Q1,af3_delta_d130_190,5,5,368,40,TRUE,2.6159108786830507,1.965001886299661,5,2.5065793130253655,1.8434725755788737,3.228104136689256,2.07,1,3
quarterly,seq,2024Q2,af3_delta_d130_190,5,5,844,40,TRUE,2.246285917,1.6729356505401594,5,2.1486256286659153,1.525025276,2.7933997584430275,1.8283333333333334,1,3
quarterly,seq,2024Q3,af3_delta_d130_190,5,5,1039,40,TRUE,2.2858847013980292,1.6871338037524128,5,2.1853358524408804,1.525025276,2.905330343052663,1.7883333333333333,1,3
quarterly,seq,2024Q4,af3_delta_d130_190,5,5,1200,40,TRUE,2.2972879382740716,1.6619539500259684,5,2.2071872089684272,1.535562696252938,3.061999249207671,1.6383333333333334,1,3
quarterly,seq,2025Q1,af3_delta_d130_190,5,5,491,40,TRUE,2.8258308790321927,2.0854938191506847,5,2.7283354181713753,2.0439498785137946,3.465369487983984,2.3033333333333332,1,4
quarterly,seq,2022Q1,af3_delta_d130_220,5,5,447,40,TRUE,2.288008490773676,1.7144364837616373,5,2.1920830882296327,1.6327949981247791,2.905700255710336,1.8483333333333334,1,2
quarterly,seq,2022Q2,af3_delta_d130_220,5,5,1135,40,TRUE,2.7985799645394085,2.0167369322460305,5,2.7147777340154335,1.9740469798335833,3.534097272365215,2.0033333333333334,1,3
quarterly,seq,2022Q3,af3_delta_d130_220,5,5,330,40,TRUE,2.9643842478774967,2.131866410868799,5,2.8616071138187227,1.9881557201577715,3.7035139500602545,2.1,1,4
quarterly,seq,2022Q4,af3_delta_d130_220,5,5,563,40,TRUE,3.7326344861379153,2.9225315101837586,5,3.565958920482485,2.7632847700288394,4.359082235519867,3.013333333333333,2,4
quarterly,seq,2023Q1,af3_delta_d130_220,5,5,301,40,TRUE,3.555148236249596,2.7126860085631304,5,3.4226517176683973,2.5328799047601946,4.256003578934097,2.8133333333333335,1,4
quarterly,seq,2023Q2,af3_delta_d130_220,5,5,40,40,TRUE,4.433286842726801,3.9800995024875627,4,4.433286842726801,4.433286842726801,4.433286842726801,4,4,4
quarterly,seq,2023Q3,af3_delta_d130_220,5,5,108,40,TRUE,3.9434633889782345,3.5735294117647065,4,3.816337903939926,3.272876614327813,4.304794905972014,3.5633333333333335,2,4
quarterly,seq,2023Q4,af3_delta_d130_220,5,5,703,40,TRUE,3.3832002254080873,2.9470705745549957,5,3.2364999771307894,2.5574951155758034,3.898594333483683,2.7216666666666667,2,4
quarterly,seq,2024Q1,af3_delta_d130_220,5,5,368,40,TRUE,2.3583772268466356,1.738255378138317,5,2.2470123720206385,1.6789795750133603,2.909278741908268,1.9216666666666666,1,3
quarterly,seq,2024Q2,af3_delta_d130_220,5,5,844,40,TRUE,1.9298801767179687,1.5074745627846342,4,1.8452845006718042,1.369058156,2.4289189040465238,1.7483333333333333,1,2
quarterly,seq,2024Q3,af3_delta_d130_220,5,5,1039,40,TRUE,2.6808736754466023,2.3550016906816174,4,2.5898919218898984,2.0518002420162644,3.1264281785125805,2.1216666666666666,2,3
quarterly,seq,2024Q4,af3_delta_d130_220,5,5,1200,40,TRUE,2.262892343101499,1.8249516514545119,4,2.2105139785624024,1.6493848884661177,2.770482213527286,2.04,1,3
quarterly,seq,2025Q1,af3_delta_d130_220,5,5,491,40,TRUE,3.077423761457269,2.5166870230601406,5,2.9416674315669784,2.2452484054226516,3.7176708083282817,2.2083333333333335,2,3
quarterly,seq,2022Q1,af3_delta_d150_220,5,5,447,40,TRUE,2.180721621872663,1.6590058037678828,5,2.080103553652386,1.483490403,2.702954010346153,1.84,1,2
quarterly,seq,2022Q2,af3_delta_d150_220,5,5,1135,40,TRUE,2.9272599822659098,2.159628702621781,5,2.819479444625625,2.0042408770177578,3.627822929828813,2.295,1,4
quarterly,seq,2022Q3,af3_delta_d150_220,5,5,330,40,TRUE,3.2042616174059275,2.451156928063383,5,3.0859470454583096,2.2811045550802134,3.8208142069626367,2.65,2,4
quarterly,seq,2022Q4,af3_delta_d150_220,5,5,563,40,TRUE,4.650985361430578,4.366866432458497,5,4.423305464052025,3.7298374227990627,4.8440162983672375,3.9883333333333333,3,5
quarterly,seq,2023Q1,af3_delta_d150_220,5,5,301,40,TRUE,4.227784470882152,3.6416656618031276,5,4.038538011669055,3.200874183351079,4.659438956172691,3.3783333333333334,2,5
quarterly,seq,2023Q2,af3_delta_d150_220,5,5,40,40,TRUE,3.954192476544758,3.5714285714285716,3,3.954192476544758,3.954192476544758,3.954192476544758,3,3,3
quarterly,seq,2023Q3,af3_delta_d150_220,5,5,108,40,TRUE,2.415706091510794,1.875844322933419,3,2.373131166247647,1.8794401139606915,2.8942834520890703,2.335,1,3
quarterly,seq,2023Q4,af3_delta_d150_220,5,5,703,40,TRUE,3.247409564711369,2.632061353287354,5,3.1089162878359304,2.358561895548044,3.830724749870739,2.565,2,3
quarterly,seq,2024Q1,af3_delta_d150_220,5,5,368,40,TRUE,2.749972573,2.2032343083981387,5,2.645709858135303,2.051792010537252,3.3909817086724234,2.0683333333333334,2,3
quarterly,seq,2024Q2,af3_delta_d150_220,5,5,844,40,TRUE,2.3001503596456914,1.7453911066244574,5,2.2152345821496913,1.5854949337589936,2.910299097,1.985,1,3
quarterly,seq,2024Q3,af3_delta_d150_220,5,5,1039,40,TRUE,4.149339335311293,3.8931540245305403,5,3.9507756960977045,3.3861205596021313,4.498724154497031,3.7316666666666665,3,4
quarterly,seq,2024Q4,af3_delta_d150_220,5,5,1200,40,TRUE,2.9135454790448634,2.1724896429573617,5,2.791880548277777,1.9891693306257805,3.585335206256647,2.4266666666666667,1,3
quarterly,seq,2025Q1,af3_delta_d150_220,5,5,491,40,TRUE,3.7094500734179916,2.958012785119201,5,3.555700390934434,2.6696297837686735,4.330411901731874,3.06,2,4
quarterly,seq,2022Q1,af3_rmsd_all,5,5,447,40,TRUE,2.2005264355694103,1.6013031038876735,5,2.1110906127100297,1.464210937062733,2.8402845391217104,1.595,1,2
quarterly,seq,2022Q2,af3_rmsd_all,5,5,1135,40,TRUE,2.7319744927496195,1.946503176869669,5,2.606296118496333,1.8452705470251578,3.4120314680837454,1.9133333333333333,1,3
quarterly,seq,2022Q3,af3_rmsd_all,5,5,330,40,TRUE,2.564786376317013,1.9024492505502952,5,2.4483729845687434,1.7374413629517576,3.1147321436122106,2.0216666666666665,1,3
quarterly,seq,2022Q4,af3_rmsd_all,5,5,563,40,TRUE,3.993831943494924,3.3833484549287505,5,3.821812647239203,2.9967166954503233,4.489195228,3.095,2,4
quarterly,seq,2023Q1,af3_rmsd_all,5,5,301,40,TRUE,3.275031900960908,2.3811663907067198,5,3.1658488573544408,2.3499775082738057,3.979915081,2.3316666666666666,1,4
quarterly,seq,2023Q2,af3_rmsd_all,5,5,40,40,TRUE,4.003342529623081,3.587443946,4,4.003342529623082,4.003342529623081,4.003342529623081,4,4,4
quarterly,seq,2023Q3,af3_rmsd_all,5,5,108,40,TRUE,4.451541525303124,4.223026792,5,4.313626817686976,3.791913892692608,4.687630110088466,3.841666666666667,3,4
quarterly,seq,2023Q4,af3_rmsd_all,5,5,703,40,TRUE,4.203057364,3.738824205835849,5,4.036836076969158,3.3011673945363866,4.648347916206474,3.3033333333333332,2,5
quarterly,seq,2024Q1,af3_rmsd_all,5,5,368,40,TRUE,3.094825543178438,2.225904010519395,5,2.9702913060171228,2.206484721576062,3.788431100652018,2.158333333333333,1,4
quarterly,seq,2024Q2,af3_rmsd_all,5,5,844,40,TRUE,2.3434231099283642,1.7181366046145907,5,2.239270001340626,1.6327949981247791,2.987564510070682,1.8016666666666667,1,3
quarterly,seq,2024Q3,af3_rmsd_all,5,5,1039,40,TRUE,4.625973715,4.382506850705369,5,4.405804142112526,3.8003195872049758,4.863053706,3.8433333333333333,3,5
quarterly,seq,2024Q4,af3_rmsd_all,5,5,1200,40,TRUE,3.6614163269953868,3.049064530062929,5,3.5079300102888533,2.7443851767633505,4.227086055138842,3.1483333333333334,2,4
quarterly,seq,2025Q1,af3_rmsd_all,5,5,491,40,TRUE,4.028654389878572,3.5280318440577765,5,3.861403228768463,3.0189221450025046,4.495170631816068,3.13,2,4
quarterly,seq,2022Q1,af3_rmsd_rbs,5,5,447,40,TRUE,1.8730347108358474,1.3841885404326952,5,1.8102019091777304,1.2625993881725737,2.4691522090310776,1.1316666666666666,1,2
quarterly,seq,2022Q2,af3_rmsd_rbs,5,5,1135,40,TRUE,2.4384896152973377,1.7478572814440647,5,2.341064767520433,1.5854949337589936,3.073836305846775,1.6666666666666667,1,3
quarterly,seq,2022Q3,af3_rmsd_rbs,5,5,330,40,TRUE,3.9168522474096785,3.4588997586075467,5,3.744978132243714,3.0694841730249967,4.3618184544881125,3.505,2,4
quarterly,seq,2022Q4,af3_rmsd_rbs,5,5,563,40,TRUE,4.3757686541833865,3.795081476514888,5,4.173214943689227,3.391297606653547,4.7745021662232805,3.756666666666667,2,5
quarterly,seq,2023Q1,af3_rmsd_rbs,5,5,301,40,TRUE,4.327773646496579,3.903028475423254,5,4.118594391,3.3638449138752557,4.670562805,3.466666666666667,2,4
quarterly,seq,2023Q2,af3_rmsd_rbs,5,5,40,40,TRUE,4.350337932658819,4.000000000000001,4,4.350337932658818,4.350337932658819,4.350337932658819,4,4,4
quarterly,seq,2023Q3,af3_rmsd_rbs,5,5,108,40,TRUE,4.116171832631149,3.6981610653138874,5,3.999424654148663,3.4253068163488662,4.489474145,3.2883333333333336,3,4
quarterly,seq,2023Q4,af3_rmsd_rbs,5,5,703,40,TRUE,3.5688923946147506,2.9474220963172804,5,3.408979260584818,2.637676119922012,4.166181167733063,2.6883333333333335,2,4
quarterly,seq,2024Q1,af3_rmsd_rbs,5,5,368,40,TRUE,2.3577267826301567,1.6869799192784893,5,2.2921404100006204,1.6414072918488944,3.1145763798093875,1.5566666666666666,1,3
quarterly,seq,2024Q2,af3_rmsd_rbs,5,5,844,40,TRUE,2.2404802012548535,1.7012552780909076,5,2.1644572556553903,1.5899879535493942,2.8674054457033913,1.8816666666666666,1,2
quarterly,seq,2024Q3,af3_rmsd_rbs,5,5,1039,40,TRUE,3.125246515,2.8501527356445657,5,2.9709715283594393,2.4573259923648174,3.529228489932294,2.855,2,3
quarterly,seq,2024Q4,af3_rmsd_rbs,5,5,1200,40,TRUE,2.8962384266661276,2.677495649,4,2.8000425424439355,2.3769393663108356,3.235049696884864,2.8533333333333335,2,3
quarterly,seq,2025Q1,af3_rmsd_rbs,5,5,491,40,TRUE,3.155788649,2.521635897704096,5,3.0136854359182212,2.3328117277661526,3.7299357325453353,2.7066666666666666,2,3
quarterly,seq,2022Q1,aliphatic_index,5,5,447,40,TRUE,2.062597274109305,1.5869570397197934,4,2.0008074521990005,1.464210937062733,2.587261650858268,1.775,1,2
quarterly,seq,2022Q2,aliphatic_index,5,5,1135,40,TRUE,2.117367025402997,1.589045641310931,4,2.030455568375005,1.464210937062733,2.6164501851948714,1.66,1,3
quarterly,seq,2022Q3,aliphatic_index,5,5,330,40,TRUE,2.8300980285117427,2.402594537351631,4,2.7599447877040233,2.239187154824772,3.2987697769322355,2.395,2,3
quarterly,seq,2022Q4,aliphatic_index,5,5,563,40,TRUE,3.2143802151617336,2.756180273558081,4,3.1040005046954775,2.4768935680834443,3.668298067,2.6533333333333333,2,4
quarterly,seq,2023Q1,aliphatic_index,5,5,301,40,TRUE,4.155188543286182,3.820086857528355,5,3.972523471409099,3.3530942175060647,4.498724154497031,3.598333333333333,3,4
quarterly,seq,2023Q2,aliphatic_index,5,5,40,40,TRUE,4,4,4,4,4,4,4,4,4
quarterly,seq,2023Q3,aliphatic_index,5,5,108,40,TRUE,3.7329622426853732,3.4880382775119623,4,3.6304650618221967,3.1494277396535035,3.932836028798435,3.7133333333333334,3,4
quarterly,seq,2023Q4,aliphatic_index,5,5,703,40,TRUE,3.4054752091291665,3.104269391908444,4,3.2885527988871615,2.746378930559047,3.7591096150728327,3.0233333333333334,2,4
quarterly,seq,2024Q1,aliphatic_index,5,5,368,40,TRUE,2.2907832496074008,1.7102876916470915,4,2.243866533356921,1.6630199262584076,2.8942834520890703,1.8066666666666666,1,3
quarterly,seq,2024Q2,aliphatic_index,5,5,844,40,TRUE,1.910522132282204,1.5559982525120137,4,1.8610261932426477,1.384145488461686,2.388148409,1.8916666666666666,1,2
quarterly,seq,2024Q3,aliphatic_index,5,5,1039,40,TRUE,2.8386501308559895,2.3755234521988844,4,2.733521756849724,2.0518002420162644,3.3316992486498602,2.2183333333333333,2,3
quarterly,seq,2024Q4,aliphatic_index,5,5,1200,40,TRUE,2.693957719744589,2.2080741912928277,4,2.591310607355547,1.958039473711009,3.1963484001345357,2.4516666666666667,2,3
quarterly,seq,2025Q1,aliphatic_index,5,5,491,40,TRUE,3.280260191580459,3.0032638620706833,4,3.1464952198482834,2.6371178034329366,3.6893816206714223,2.9783333333333335,2,3
quarterly,seq,2022Q1,aliphatic_index_HA1,5,4,447,40,TRUE,1.4583621082518516,1.2806873609927125,2,1.4437209810785332,1.1240147218730305,1.7043159719022556,1.565,1,2
quarterly,seq,2022Q2,aliphatic_index_HA1,5,4,1135,40,TRUE,1.3714659851285858,1.1830245425534358,3,1.3502658697867844,1.120914353826205,1.708296705630345,1.1766666666666667,1,2
quarterly,seq,2022Q3,aliphatic_index_HA1,5,4,330,40,TRUE,1.6416069435772849,1.3839819027527136,2,1.6063095873011635,1.2195906179141718,2.0075500478657684,1.7466666666666666,1,2
quarterly,seq,2022Q4,aliphatic_index_HA1,5,4,563,40,TRUE,1.8310956208417488,1.6332799159061981,2,1.7969638401536296,1.5260902731141495,2.124235553671615,1.9833333333333334,2,2
quarterly,seq,2023Q1,aliphatic_index_HA1,5,4,301,40,TRUE,1.341889234906723,1.187415630201439,2,1.3403167779309444,1.1240147218730305,1.5899879535493942,1.2683333333333333,1,2
quarterly,seq,2023Q2,aliphatic_index_HA1,5,4,40,40,TRUE,1.464210937062733,1.225114854517611,1,1.464210937062733,1.464210937062733,1.464210937062733,1,1,1
quarterly,seq,2023Q3,aliphatic_index_HA1,5,4,108,40,TRUE,2.4699238709300664,2.295159386068477,3,2.426943297105623,2,2.6869190769527993,2.115,2,3
quarterly,seq,2023Q4,aliphatic_index_HA1,5,4,703,40,TRUE,1.6850819847800411,1.369853786986349,3,1.6529550607489354,1.2195906179141718,2.115530793885703,1.5916666666666666,1,2
quarterly,seq,2024Q1,aliphatic_index_HA1,5,4,368,40,TRUE,1.4202116751701361,1.1869719173999929,3,1.3822525986921936,1.1240147218730305,1.7657472282541566,1.0533333333333332,1,2
quarterly,seq,2024Q2,aliphatic_index_HA1,5,4,844,40,TRUE,1.2134602994627997,1.0894486503020568,3,1.1971236600754351,1,1.464210937062733,1.01,1,1
quarterly,seq,2024Q3,aliphatic_index_HA1,5,4,1039,40,TRUE,1.6585791027132974,1.333388915856706,3,1.622897198420484,1.2195906179141718,2.0763012412900235,1.2633333333333334,1,2
quarterly,seq,2024Q4,aliphatic_index_HA1,5,4,1200,40,TRUE,1.9796246049893516,1.5554888231646853,4,1.9222433327842694,1.464210937062733,2.4358715626688414,1.785,1,3
quarterly,seq,2025Q1,aliphatic_index_HA1,5,4,491,40,TRUE,2.0848195788697534,1.578757457286366,4,2.0186204048709064,1.464210937062733,2.5450014001892645,1.6383333333333334,1,3
quarterly,seq,2022Q1,aliphatic_index_HA2,5,3,447,40,TRUE,1.1012888323929615,1.0365096409729682,2,1.0846504166442579,1,1.305236777831472,1,1,1
quarterly,seq,2022Q2,aliphatic_index_HA2,5,3,1135,40,TRUE,1.1955581233473258,1.0755275885589866,3,1.1771611131151132,1,1.483490403,1.0016666666666667,1,1
quarterly,seq,2022Q3,aliphatic_index_HA2,5,3,330,40,TRUE,1.2269670299832907,1.0894793709232062,3,1.2020878346234634,1,1.483490403,1,1,1
quarterly,seq,2022Q4,aliphatic_index_HA2,5,3,563,40,TRUE,1.5012442464360174,1.258157987702982,3,1.4740780146419796,1.1240147218730305,1.8466448967530054,1.31,1,2
quarterly,seq,2023Q1,aliphatic_index_HA2,5,3,301,40,TRUE,2.070534804928507,2.0239249413604377,2,2.035786535782298,1.9106560008522475,2.2452484054226516,2,2,2
quarterly,seq,2023Q2,aliphatic_index_HA2,5,3,40,40,TRUE,2.278961215,2.061855670103093,2,2.278961215,2.278961215,2.278961215,2,2,2
quarterly,seq,2023Q3,aliphatic_index_HA2,5,3,108,40,TRUE,2.5363036134150927,2.2132827324478175,3,2.494693989223575,2.1086178062619005,2.800625548169221,2.8216666666666668,2,3
quarterly,seq,2023Q4,aliphatic_index_HA2,5,3,703,40,TRUE,2.2101967511054057,1.9438297704969616,3,2.144161137894464,1.708296705630345,2.525670578948595,2.046666666666667,2,3
quarterly,seq,2024Q1,aliphatic_index_HA2,5,3,368,40,TRUE,1.6199098107504184,1.3147705869788935,3,1.5882859477208167,1.2195906179141718,1.9891953206377806,1.2466666666666666,1,2
quarterly,seq,2024Q2,aliphatic_index_HA2,5,3,844,40,TRUE,1.1827475758582093,1.0691465570808054,3,1.1498362353154086,1,1.464210937062733,1,1,1
quarterly,seq,2024Q3,aliphatic_index_HA2,5,3,1039,40,TRUE,1.2123162536809433,1.0848465115250765,3,1.1871895414633673,1,1.4646929237067285,1.0016666666666667,1,1
quarterly,seq,2024Q4,aliphatic_index_HA2,5,3,1200,40,TRUE,1.1716862928806664,1.0640829157054206,3,1.139171126053254,1,1.464210937062733,1,1,1
quarterly,seq,2025Q1,aliphatic_index_HA2,5,3,491,40,TRUE,1.2915893568948311,1.1223876010856966,3,1.2591513346668683,1,1.5854949337589936,1.0133333333333334,1,1
quarterly,seq,2022Q1,cartddg_ddg_mean,5,5,447,40,TRUE,2.313085708668662,1.7486762994145084,4,2.223416955953518,1.6411919845057916,2.810337864504526,1.9583333333333333,1,3
quarterly,seq,2022Q2,cartddg_ddg_mean,5,5,1135,40,TRUE,2.798936895383947,2.1388605251579373,5,2.6788794983223148,2.044291388452851,3.4059930534739076,2.49,1,3
quarterly,seq,2022Q3,cartddg_ddg_mean,5,5,330,40,TRUE,3.784857110787102,3.065705759810822,5,3.625709421440029,2.8663077706161455,4.409088191849485,2.9283333333333332,2,4
quarterly,seq,2022Q4,cartddg_ddg_mean,5,5,563,40,TRUE,4.5804098501918356,4.255359995703949,5,4.351258559484064,3.660498180453039,4.796948627050673,3.89,3,5
quarterly,seq,2023Q1,cartddg_ddg_mean,5,5,301,40,TRUE,4.002550085626955,3.3727059524252687,5,3.8329489711000133,3.0063018117596134,4.5250136555801825,3.1866666666666665,2,4
quarterly,seq,2023Q2,cartddg_ddg_mean,5,5,40,40,TRUE,4.163161360906663,3.7037037037037033,3,4.163161360906664,4.163161360906663,4.163161360906663,3,3,3
quarterly,seq,2023Q3,cartddg_ddg_mean,5,5,108,40,TRUE,4.084496831014294,3.7028571428571433,4,3.9660740129601018,3.391541515451129,4.443290903261679,3.6983333333333333,3,4
quarterly,seq,2023Q4,cartddg_ddg_mean,5,5,703,40,TRUE,3.984151651,3.5579945428758615,5,3.7953770401568288,3.0906689711009383,4.405937260327024,3.165,2,4
quarterly,seq,2024Q1,cartddg_ddg_mean,5,5,368,40,TRUE,2.8964522089869607,2.1051453443183585,5,2.7625577918982414,1.9204318376601304,3.5349560675330247,2.2083333333333335,1,3
quarterly,seq,2024Q2,cartddg_ddg_mean,5,5,844,40,TRUE,2.1771262602492407,1.643197556665882,5,2.086327610077372,1.5358055788975222,2.7278805220385043,1.7833333333333334,1,3
quarterly,seq,2024Q3,cartddg_ddg_mean,5,5,1039,40,TRUE,4.211040103573045,3.957638148030018,5,4.040662366926175,3.4723507577716726,4.5512389559717885,3.6816666666666666,3,4
quarterly,seq,2024Q4,cartddg_ddg_mean,5,5,1200,40,TRUE,2.545760472678831,2.0760946353137935,4,2.4673965773318156,1.8457200132750964,3.0532482083174615,2.265,2,3
quarterly,seq,2025Q1,cartddg_ddg_mean,5,5,491,40,TRUE,2.7800983744788743,2.321770116049502,4,2.668540796553055,2.090719286994091,3.297993621334698,2.2783333333333333,2,3
quarterly,seq,2022Q1,flexddg_bind_23,5,5,447,40,TRUE,1.8821476961634183,1.3851481098917857,5,1.8227620867265717,1.2625993881725737,2.469152209031078,1.0933333333333333,1,2
quarterly,seq,2022Q2,flexddg_bind_23,5,5,1135,40,TRUE,2.598875736231947,1.8120559444887532,5,2.491165275810607,1.7216661973046037,3.3417263865362985,1.5166666666666666,1,3
quarterly,seq,2022Q3,flexddg_bind_23,5,5,330,40,TRUE,3.5856343517382094,2.801790676134609,5,3.412730642878665,2.5449552823400157,4.212467884959009,2.828333333333333,2,4
quarterly,seq,2022Q4,flexddg_bind_23,5,5,563,40,TRUE,3.8682247542413895,3.3660305627236724,5,3.6982415223950706,2.9442688985622785,4.377811784953418,3.066666666666667,2,4
quarterly,seq,2023Q1,flexddg_bind_23,5,5,301,40,TRUE,4.319597403756634,3.9020198974977394,5,4.144543645405336,3.391193509921069,4.713077188,3.685,3,5
quarterly,seq,2023Q2,flexddg_bind_23,5,5,40,40,TRUE,4.7199078100155045,4.4943820224719095,5,4.719907810015505,4.7199078100155045,4.7199078100155045,5,5,5
quarterly,seq,2023Q3,flexddg_bind_23,5,5,108,40,TRUE,4.260569374604886,3.961956521739131,4,4.113601333604086,3.563790902027075,4.558246949850421,3.645,3,4
quarterly,seq,2023Q4,flexddg_bind_23,5,5,703,40,TRUE,4.014066283,3.418735603,5,3.8653445590187867,3.116884259253246,4.542487590141898,3.0566666666666666,2,4
quarterly,seq,2024Q1,flexddg_bind_23,5,5,368,40,TRUE,3.371397799352581,2.504883101509322,5,3.250341997620163,2.3925667292429496,4.045044943078307,2.5716666666666668,1,4
quarterly,seq,2024Q2,flexddg_bind_23,5,5,844,40,TRUE,2.371944536353685,1.7867810469812127,5,2.2816030347369405,1.6624796103981698,2.9850582433520634,1.9333333333333333,1,3
quarterly,seq,2024Q3,flexddg_bind_23,5,5,1039,40,TRUE,4.128265535166566,3.7322802250042346,5,3.9678849325122343,3.295081125464029,4.524670187629283,3.506666666666667,3,4
quarterly,seq,2024Q4,flexddg_bind_23,5,5,1200,40,TRUE,3.4508549345802524,2.6825933225781213,5,3.3243551733783177,2.5149970245425366,4.1124414496478945,2.993333333333333,2,4
quarterly,seq,2025Q1,flexddg_bind_23,5,5,491,40,TRUE,4.252077651169604,3.683831731430405,5,4.073867099722498,3.273263155426265,4.695709767871388,3.3983333333333334,2,5
quarterly,seq,2022Q1,flexddg_bind_26,5,5,447,40,TRUE,1.9035388380969593,1.3987035624033095,5,1.8061793797957428,1.2625993881725737,2.4788154432241396,1.0983333333333334,1,2
quarterly,seq,2022Q2,flexddg_bind_26,5,5,1135,40,TRUE,2.783643612,1.9881089256364155,5,2.708882605,1.920191271443021,3.6202378982018404,1.97,1,3
quarterly,seq,2022Q3,flexddg_bind_26,5,5,330,40,TRUE,3.483483469266903,2.664937353171496,5,3.336938071514562,2.481783785868875,4.071646059900266,2.841666666666667,1,4
quarterly,seq,2022Q4,flexddg_bind_26,5,5,563,40,TRUE,4.005076542772176,3.342532347699543,5,3.828613464786164,3.018597811407188,4.500769647963747,3.28,2,4
quarterly,seq,2023Q1,flexddg_bind_26,5,5,301,40,TRUE,4.595432581259498,4.277465653179736,5,4.404927366353004,3.8163118106346956,4.868413460691453,3.88,3,5
quarterly,seq,2023Q2,flexddg_bind_26,5,5,40,40,TRUE,4.613296511407644,4.371584699453552,4,4.613296511407645,4.613296511407644,4.613296511407644,4,4,4
quarterly,seq,2023Q3,flexddg_bind_26,5,5,108,40,TRUE,4.611836625768097,4.342516753536858,5,4.472773365508783,3.9696111431689385,4.842738665684139,3.9183333333333334,3,5
quarterly,seq,2023Q4,flexddg_bind_26,5,5,703,40,TRUE,4.008849823007681,3.435275227125808,5,3.854103113860439,3.069143678127095,4.530954697396547,2.9916666666666667,2,4
quarterly,seq,2024Q1,flexddg_bind_26,5,5,368,40,TRUE,2.923084028896351,2.114612285687518,5,2.8162800821871317,2.047521490969101,3.6618308107084845,2.1616666666666666,1,4
quarterly,seq,2024Q2,flexddg_bind_26,5,5,844,40,TRUE,1.7360480438960735,1.3011368617938455,5,1.6679362539007272,1.2195906179141718,2.2889430671877062,1.025,1,1.0249999999999773
quarterly,seq,2024Q3,flexddg_bind_26,5,5,1039,40,TRUE,3.8769041234912747,3.4475280156101795,5,3.6905727610163437,2.992224545,4.367962053322079,3.07,3,4
quarterly,seq,2024Q4,flexddg_bind_26,5,5,1200,40,TRUE,3.1872799162152394,2.3944767403189977,5,3.038786754472527,2.163594669712908,3.7930257142846826,2.57,1,4
quarterly,seq,2025Q1,flexddg_bind_26,5,5,491,40,TRUE,3.5099285326984626,2.867656329919471,5,3.3600128933357025,2.5473871032770825,4.129721905069452,2.45,2,4
quarterly,seq,2022Q1,gravy,5,5,447,40,TRUE,2.2608287647139536,1.7048694954735109,4,2.1944572541211658,1.6327949981247791,2.874344210354931,1.9,1,3
quarterly,seq,2022Q2,gravy,5,5,1135,40,TRUE,2.5287113348910957,1.9012286462753198,5,2.415439153755168,1.7654817826684102,3.1208069319223357,2.1633333333333336,1,3
quarterly,seq,2022Q3,gravy,5,5,330,40,TRUE,3.3277729971473855,2.6609001612666763,5,3.1868212280924535,2.4917607356889855,3.915291527295974,2.715,2,4
quarterly,seq,2022Q4,gravy,5,5,563,40,TRUE,3.0040909226347785,2.3466843363860495,5,2.908972831266029,2.2184084207704844,3.6877563594383593,2.425,2,4
quarterly,seq,2023Q1,gravy,5,5,301,40,TRUE,3.869640861787511,3.4608273807250085,5,3.7255723427178107,3.091305145896035,4.360176109843757,3.0616666666666665,3,4
quarterly,seq,2023Q2,gravy,5,5,40,40,TRUE,3.788228257111011,3.2921810699588474,3,3.7882282571110113,3.788228257111011,3.788228257111011,3,3,3
quarterly,seq,2023Q3,gravy,5,5,108,40,TRUE,2.647798570498973,2.3707317073170735,3,2.6041220282585935,2.239264300543815,2.8725595619079938,2.9366666666666665,2,3
quarterly,seq,2023Q4,gravy,5,5,703,40,TRUE,2.998751984936147,2.6079492984205888,4,2.869379640615345,2.3375697689774966,3.4832049258565014,2.2666666666666666,2,3
quarterly,seq,2024Q1,gravy,5,5,368,40,TRUE,2.6711306968212125,1.9936990254100053,4,2.582967454346877,1.9106222522800453,3.2759867879648294,2.215,1,3
quarterly,seq,2024Q2,gravy,5,5,844,40,TRUE,1.609973552085483,1.2772882620218255,4,1.5736678008490097,1.1240147218730305,2.0629109981927733,1.135,1,2
quarterly,seq,2024Q3,gravy,5,5,1039,40,TRUE,3.013017077226883,2.432728862487578,5,2.907579955,2.280771842,3.595619863875813,2.5566666666666666,2,4
quarterly,seq,2024Q4,gravy,5,5,1200,40,TRUE,3.158610141036602,2.728792168366477,5,3.010608157347442,2.4300174591285835,3.640747008941445,2.9,2,3
quarterly,seq,2025Q1,gravy,5,5,491,40,TRUE,3.456153165750816,3.2306527478123366,4,3.301541326508262,2.8156524696386627,3.898782334652738,3.013333333333333,3,3
quarterly,seq,2022Q1,gravy_HA1,5,5,447,40,TRUE,1.7329076357839073,1.404010877432139,4,1.6770538100463241,1.305236777831472,2.0910577968518944,1.6566666666666667,1,2
quarterly,seq,2022Q2,gravy_HA1,5,5,1135,40,TRUE,1.8718558019655045,1.4131611654788168,5,1.7891405811041492,1.2625993881725737,2.3676929200710357,1.345,1,2
quarterly,seq,2022Q3,gravy_HA1,5,5,330,40,TRUE,2.4790107839618227,1.8433257727072683,5,2.3598416808476568,1.7381886618574347,3.114164775088228,2.0966666666666667,1,3
quarterly,seq,2022Q4,gravy_HA1,5,5,563,40,TRUE,2.9729413936480205,2.660586729340664,4,2.854128098424357,2.3375697689774966,3.402717675172916,2.6566666666666667,2,3
quarterly,seq,2023Q1,gravy_HA1,5,5,301,40,TRUE,2.6508306666565287,2.1006004961628526,4,2.5722883318747116,1.9874289730111547,3.1364179905150684,2.2416666666666667,2,3
quarterly,seq,2023Q2,gravy_HA1,5,5,40,40,TRUE,2.239264300543815,1.909307875894988,2,2.2392643005438155,2.239264300543815,2.239264300543815,2,2,2
quarterly,seq,2023Q3,gravy_HA1,5,5,108,40,TRUE,3.3307592496061265,2.87857848,3,3.250787738032621,2.664223346815552,3.833959477,2.7466666666666666,2,3
quarterly,seq,2023Q4,gravy_HA1,5,5,703,40,TRUE,1.7795775601808668,1.423892844,3,1.7374489015912173,1.369058156,2.180920219941565,1.6483333333333334,1,2
quarterly,seq,2024Q1,gravy_HA1,5,5,368,40,TRUE,1.4826687217527237,1.2211581813919097,3,1.4485198433089084,1.1240147218730305,1.8830136112851545,1.1066666666666667,1,2
quarterly,seq,2024Q2,gravy_HA1,5,5,844,40,TRUE,1.1714111430926206,1.0712496127574977,2,1.157042061661664,1,1.384145488461686,1.0016666666666667,1,1
quarterly,seq,2024Q3,gravy_HA1,5,5,1039,40,TRUE,1.6122860686286562,1.292704831951641,4,1.566598375326834,1.1240147218730305,2.058842196124703,1.2466666666666666,1,2
quarterly,seq,2024Q4,gravy_HA1,5,5,1200,40,TRUE,1.9959914684716036,1.4783422855171735,5,1.9061322284356812,1.369058156,2.570983041626852,1.3133333333333332,1,2
quarterly,seq,2025Q1,gravy_HA1,5,5,491,40,TRUE,2.410705756163799,1.7990448117607554,5,2.3025040670066574,1.6630199262584078,2.968056249728821,2.035,1,3
quarterly,seq,2022Q1,gravy_HA2,5,4,447,40,TRUE,1.347491545693676,1.1512321316424774,3,1.323664758499068,1,1.6789795750133603,1.0316666666666667,1,2
quarterly,seq,2022Q2,gravy_HA2,5,4,1135,40,TRUE,1.7467258765531697,1.3977362363844885,4,1.7058655510399097,1.3041708430899994,2.2214768949811923,1.56,1,2
quarterly,seq,2022Q3,gravy_HA2,5,4,330,40,TRUE,1.5868391298778126,1.2951026330185762,3,1.5515111211055497,1.2195906179141718,1.9877748816438585,1.4233333333333333,1,2
quarterly,seq,2022Q4,gravy_HA2,5,4,563,40,TRUE,1.7272883178038962,1.3347468154542586,4,1.693896519442983,1.2195906179141718,2.284312689174766,1.1583333333333334,1,2
quarterly,seq,2023Q1,gravy_HA2,5,4,301,40,TRUE,3.0328128257222553,2.7364462834878736,4,2.934930256667028,2.460232976,3.3897056303685056,2.9566666666666666,2,3
quarterly,seq,2023Q2,gravy_HA2,5,4,40,40,TRUE,2.915517443519011,2.4691358024691357,2,2.9155174435190117,2.915517443519011,2.915517443519011,2,2,2
quarterly,seq,2023Q3,gravy_HA2,5,4,108,40,TRUE,2.693305224884544,2.3115338882282996,3,2.626362009819887,2.180523194406808,3.0517152481312255,2.8566666666666665,2,3
quarterly,seq,2023Q4,gravy_HA2,5,4,703,40,TRUE,2.407916864438435,2.0901824118286436,4,2.335165521296307,1.8787018413051884,2.8452834082216922,2.08,2,3
quarterly,seq,2024Q1,gravy_HA2,5,4,368,40,TRUE,2.1788821706289876,1.7083890500819987,3,2.106365060848813,1.5854949337589936,2.638168278418827,2.085,1,3
quarterly,seq,2024Q2,gravy_HA2,5,4,844,40,TRUE,1.3772048772994898,1.148014324070821,4,1.3393175297653754,1,1.7760996060982723,1.005,1,1
quarterly,seq,2024Q3,gravy_HA2,5,4,1039,40,TRUE,1.3662983124378505,1.1450827105951238,4,1.3196364192514893,1,1.7388709898777086,1.0066666666666666,1,1
quarterly,seq,2024Q4,gravy_HA2,5,4,1200,40,TRUE,1.310033941345771,1.118364950442453,4,1.2701618338524574,1,1.6637770075686253,1.0033333333333334,1,1
quarterly,seq,2025Q1,gravy_HA2,5,4,491,40,TRUE,1.448263885480734,1.1865565492157084,4,1.4128633506147577,1,1.7920177497871905,1.0283333333333333,1,2
quarterly,seq,2022Q1,helix_frac,5,5,447,40,TRUE,1.3348624854871785,1.1457660746950782,3,1.309975707448029,1,1.6789795750133603,1.0216666666666667,1,1
quarterly,seq,2022Q2,helix_frac,5,5,1135,40,TRUE,1.517014057722759,1.2352346679783948,3,1.4781469491189898,1.1240147218730305,1.9667442853731196,1.095,1,2
quarterly,seq,2022Q3,helix_frac,5,5,330,40,TRUE,2.614437453020076,2.066100022766942,4,2.5286867553722794,1.987753476,3.0884294555233964,2.3516666666666666,2,3
quarterly,seq,2022Q4,helix_frac,5,5,563,40,TRUE,3.463910190458465,3.1549563538276253,4,3.322248044823486,2.8097351408566027,3.8812414416973375,3.0316666666666667,3,4
quarterly,seq,2023Q1,helix_frac,5,5,301,40,TRUE,3.4117533902042565,2.7477329936614803,5,3.2871184174576262,2.515395864892599,4.0152683754996366,2.743333333333333,2,4
quarterly,seq,2023Q2,helix_frac,5,5,40,40,TRUE,3.6557807940912097,3.225806451612904,3,3.655780794,3.6557807940912097,3.6557807940912097,3,3,3
quarterly,seq,2023Q3,helix_frac,5,5,108,40,TRUE,1.7892199648771447,1.6469923750353004,2,1.7804136259916834,1.588390511538513,1.9378192408783848,1.9983333333333333,2,2
quarterly,seq,2023Q4,helix_frac,5,5,703,40,TRUE,2.5889524341428474,2.212087031640952,4,2.4949050330346356,1.958039473711009,3.0168985357672553,2.135,2,3
quarterly,seq,2024Q1,helix_frac,5,5,368,40,TRUE,1.7887356673383752,1.4025145508399095,3,1.7563886369202215,1.305236777831472,2.311140170886021,1.4066666666666667,1,3
quarterly,seq,2024Q2,helix_frac,5,5,844,40,TRUE,1.3425690881043084,1.149596539926409,3,1.3241793099145625,1,1.6789795750133603,1.025,1,1.0249999999999773
quarterly,seq,2024Q3,helix_frac,5,5,1039,40,TRUE,2.548886938212582,2.1486382933834376,5,2.436519285772725,1.8787018413051884,3.009505509983472,2.1533333333333333,2,3
quarterly,seq,2024Q4,helix_frac,5,5,1200,40,TRUE,2.7637713730257847,2.3431398073418386,4,2.6782509428412453,2.1086178062619005,3.299065023246966,2.195,2,3
quarterly,seq,2025Q1,helix_frac,5,5,491,40,TRUE,3.1006620314208435,2.6660289515299636,4,2.9747561311852873,2.3484825780668106,3.6694844723306983,2.405,2,4
quarterly,seq,2022Q1,neg_frac,5,4,447,40,TRUE,1.2431287232059582,1.099440400138662,3,1.221741601287012,1,1.551652456782203,1.0116666666666667,1,1
quarterly,seq,2022Q2,neg_frac,5,4,1135,40,TRUE,1.4283054410651435,1.1947911382015042,3,1.3991220711856225,1,1.7931736063030723,1.055,1,2
quarterly,seq,2022Q3,neg_frac,5,4,330,40,TRUE,1.4866587828479205,1.2196214581700078,3,1.4476190265024187,1.1240147218730305,1.7931736063030723,1.0433333333333332,1,2
quarterly,seq,2022Q4,neg_frac,5,4,563,40,TRUE,1.9668859607340403,1.6118351800906172,3,1.930991031075165,1.464210937062733,2.400431066227941,1.945,1,3
quarterly,seq,2023Q1,neg_frac,5,4,301,40,TRUE,2.0122697880525124,1.6656126482213438,3,1.981452660784769,1.5260902731141495,2.4085657056231367,1.9983333333333333,1,3
quarterly,seq,2023Q2,neg_frac,5,4,40,40,TRUE,2.5129219933429945,2.216066482,3,2.5129219933429945,2.5129219933429945,2.5129219933429945,3,3,3
quarterly,seq,2023Q3,neg_frac,5,4,108,40,TRUE,1.6631275425159182,1.3952153110047847,2,1.6265176349166957,1.305236777831472,1.9886096983055768,1.78,1,2
quarterly,seq,2023Q4,neg_frac,5,4,703,40,TRUE,1.3882360262541045,1.1726647383619535,3,1.363872221624419,1.1240147218730305,1.7097263325562952,1.0316666666666667,1,2
quarterly,seq,2024Q1,neg_frac,5,4,368,40,TRUE,1.5067207937957576,1.2351020557065466,3,1.469564367597346,1.1240147218730305,1.8794401139606915,1.0966666666666667,1,2
quarterly,seq,2024Q2,neg_frac,5,4,844,40,TRUE,1.1774737248700489,1.0713978455809143,2,1.1643601534564136,1,1.384145488461686,1.0033333333333334,1,1
quarterly,seq,2024Q3,neg_frac,5,4,1039,40,TRUE,3.1075600578523543,3.0373706082782572,4,3.0012502387464703,2.750779129260031,3.281655801137503,2.9983333333333335,3,3
quarterly,seq,2024Q4,neg_frac,5,4,1200,40,TRUE,2.5185767882893053,2.2958597994949113,3,2.4653030921817978,1.9999375130110568,2.844953856,2.2533333333333334,2,3
quarterly,seq,2025Q1,neg_frac,5,4,491,40,TRUE,2.529158274518105,2.332282062940784,3,2.4672721468006893,1.9999375130110568,2.854143022519997,2.216666666666667,2,3
quarterly,seq,2022Q1,neg_frac_HA1,5,3,447,40,TRUE,1.0290822971729912,1.0089885824803437,1,1.0174265581361865,1,1.1240147218730305,1,1,1
quarterly,seq,2022Q2,neg_frac_HA1,5,3,1135,40,TRUE,1.0808959941132628,1.0304044190869874,2,1.0644616707236283,1,1.2195906179141718,1,1,1
quarterly,seq,2022Q3,neg_frac_HA1,5,3,330,40,TRUE,1.205012553026708,1.0887169335972648,2,1.188471753737368,1,1.4575692649810903,1.0133333333333334,1,1
quarterly,seq,2022Q4,neg_frac_HA1,5,3,563,40,TRUE,1.1726509311993139,1.0773746197379377,2,1.1675714345835877,1,1.384145488461686,1.0116666666666667,1,1
quarterly,seq,2023Q1,neg_frac_HA1,5,3,301,40,TRUE,1.2541006361164977,1.1266959322497605,2,1.241127366215931,1,1.4575692649810903,1.0566666666666666,1,2
quarterly,seq,2023Q2,neg_frac_HA1,5,3,40,40,TRUE,1.1240147218730305,1.0512483574244416,1,1.1240147218730305,1.1240147218730305,1.1240147218730305,1,1,1
quarterly,seq,2023Q3,neg_frac_HA1,5,3,108,40,TRUE,1.0539756277919188,1.0186899563318779,1,1.0473322855148732,1,1.1240147218730305,1,1,1
quarterly,seq,2023Q4,neg_frac_HA1,5,3,703,40,TRUE,1.0573918412637056,1.0201129080532134,2,1.0496340827036859,1,1.2195906179141718,1,1,1
quarterly,seq,2024Q1,neg_frac_HA1,5,3,368,40,TRUE,1.132895558814639,1.055822366369363,2,1.1162420683324121,1,1.305236777831472,1.0083333333333333,1,1
quarterly,seq,2024Q2,neg_frac_HA1,5,3,844,40,TRUE,1.0168315971558333,1.0047505670213606,1,1.0121947809841814,1,1.1240147218730305,1,1,1
quarterly,seq,2024Q3,neg_frac_HA1,5,3,1039,40,TRUE,2.084135202425891,1.9211259233949256,3,2.0356584813526344,1.7547653506033232,2.3566285188029563,2,2,2
quarterly,seq,2024Q4,neg_frac_HA1,5,3,1200,40,TRUE,1.4288837873952989,1.2167115329044424,3,1.3984078350969806,1.1240147218730305,1.7784753561775881,1.2633333333333334,1,2
quarterly,seq,2025Q1,neg_frac_HA1,5,3,491,40,TRUE,1.4623568047883788,1.2288702779576004,3,1.436453544293434,1.1240147218730305,1.8457200132750964,1.2333333333333334,1,2
quarterly,seq,2022Q1,neg_frac_HA2,5,3,447,40,TRUE,1.0290822971729912,1.0089885824803437,1,1.0222449528819484,1,1.1240147218730305,1,1,1
quarterly,seq,2022Q2,neg_frac_HA2,5,3,1135,40,TRUE,1.1321224744700358,1.0506833550420323,2,1.1160588456149683,1,1.369058156,1.0016666666666667,1,1
quarterly,seq,2022Q3,neg_frac_HA2,5,3,330,40,TRUE,1.0767397222745279,1.0246133002145195,1,1.0545644003970187,1,1.2625993881725737,1,1,1
quarterly,seq,2022Q4,neg_frac_HA2,5,3,563,40,TRUE,1.0914987996139107,1.032536215596405,2,1.0766493137110804,1,1.2625993881725737,1,1,1
quarterly,seq,2023Q1,neg_frac_HA2,5,3,301,40,TRUE,1.1168010552197312,1.0408524326497788,1,1.1006888563997608,1,1.369058156,1,1,1
quarterly,seq,2023Q2,neg_frac_HA2,5,3,40,40,TRUE,1.305236777831472,1.1611030478955007,1,1.305236777831472,1.305236777831472,1.305236777831472,1,1,1
quarterly,seq,2023Q3,neg_frac_HA2,5,3,108,40,TRUE,1.0539756277919188,1.0186899563318779,1,1.0493991975460906,1,1.1240147218730305,1,1,1
quarterly,seq,2023Q4,neg_frac_HA2,5,3,703,40,TRUE,1.1426445051551233,1.0556660379494562,2,1.1200941979552819,1,1.369058156,1.0016666666666667,1,1
quarterly,seq,2024Q1,neg_frac_HA2,5,3,368,40,TRUE,1.1650854923337985,1.0731413537886112,2,1.1590255408806567,1,1.384145488461686,1.0083333333333333,1,1
quarterly,seq,2024Q2,neg_frac_HA2,5,3,844,40,TRUE,1.1323527324701606,1.051117465994977,2,1.122357259,1,1.369058156,1,1,1
quarterly,seq,2024Q3,neg_frac_HA2,5,3,1039,40,TRUE,1.075323068560002,1.0253799151026641,2,1.0601085077802614,1,1.2625993881725737,1,1,1
quarterly,seq,2024Q4,neg_frac_HA2,5,3,1200,40,TRUE,1.0389559040550187,1.011743247667721,2,1.0290607859019087,1,1.1240147218730305,1,1,1
quarterly,seq,2025Q1,neg_frac_HA2,5,3,491,40,TRUE,1.0934940391548793,1.0331791942195692,2,1.077569892969712,1,1.263665322914045,1,1,1
quarterly,seq,2022Q1,net_charge_pH7,5,5,447,40,TRUE,1.5136501869721257,1.2027195406034998,4,1.4607068931495915,1.1240147218730305,1.9881557201577715,1.0116666666666667,1,1
quarterly,seq,2022Q2,net_charge_pH7,5,5,1135,40,TRUE,2.018332656780955,1.453058503588586,5,1.9344861077663669,1.369058156,2.669442803475806,1.1416666666666666,1,2
quarterly,seq,2022Q3,net_charge_pH7,5,5,330,40,TRUE,2.227877526231802,1.634595178769776,4,2.161165249665116,1.5854949337589936,2.8532849097699162,1.6433333333333333,1,3
quarterly,seq,2022Q4,net_charge_pH7,5,5,563,40,TRUE,3.341397295054783,2.558739717623127,5,3.210736553089837,2.414804653515166,4.0088744405462835,2.7116666666666664,2,4
quarterly,seq,2023Q1,net_charge_pH7,5,5,301,40,TRUE,3.5481907239064254,2.669052879658271,5,3.456235179032845,2.5763824758618825,4.260734008887479,2.78,1,4
quarterly,seq,2023Q2,net_charge_pH7,5,5,40,40,TRUE,3.831677292274912,2.996254682,3,3.8316772922749123,3.831677292274912,3.831677292274912,3,3,3
quarterly,seq,2023Q3,net_charge_pH7,5,5,108,40,TRUE,2.2936837689577523,1.6734576757532282,3,2.228551546333738,1.6929450885757957,2.8098695803145115,1.715,1,3
quarterly,seq,2023Q4,net_charge_pH7,5,5,703,40,TRUE,2.5003025515308637,1.7517004512088357,5,2.408839072097152,1.6630199262584076,3.166926574347201,1.4833333333333334,1,3
quarterly,seq,2024Q1,net_charge_pH7,5,5,368,40,TRUE,2.1613517732354572,1.547455264300569,5,2.051295296061265,1.369058156,2.792220420270097,1.2733333333333334,1,2
quarterly,seq,2024Q2,net_charge_pH7,5,5,844,40,TRUE,1.3673727930460173,1.136841836474133,5,1.3147249504645668,1,1.722079258918424,1.0083333333333333,1,1
quarterly,seq,2024Q3,net_charge_pH7,5,5,1039,40,TRUE,2.2408540111946107,1.934434777934075,4,2.158318912271439,1.7043159719022556,2.6765091002114714,2.0016666666666665,2,2
quarterly,seq,2024Q4,net_charge_pH7,5,5,1200,40,TRUE,1.4933954864976438,1.2253045817882298,4,1.4452469614676131,1.1240147218730305,1.8435287615212792,1.1733333333333333,1,2
quarterly,seq,2025Q1,net_charge_pH7,5,5,491,40,TRUE,1.479080848721827,1.220867284153808,3,1.4454357641238929,1.1240147218730305,1.8457200132750964,1.1083333333333334,1,2
quarterly,seq,2022Q1,net_charge_pH7_HA1,5,4,447,40,TRUE,1.1588532247006726,1.0555652408196903,2,1.1304891030236546,1,1.369058156,1,1,1
quarterly,seq,2022Q2,net_charge_pH7_HA1,5,4,1135,40,TRUE,1.3186181330150064,1.1235653712743698,4,1.2879246632201848,1,1.6630199262584076,1.0016666666666667,1,1
quarterly,seq,2022Q3,net_charge_pH7_HA1,5,4,330,40,TRUE,1.8967865398607102,1.4452938365981842,4,1.832161948,1.369058156,2.3943778893101397,1.3366666666666667,1,2
quarterly,seq,2022Q4,net_charge_pH7_HA1,5,4,563,40,TRUE,2.7114173442450817,2.1785559641224785,4,2.614245825340493,2.0070765391267638,3.1963484001345357,2.305,2,3
quarterly,seq,2023Q1,net_charge_pH7_HA1,5,4,301,40,TRUE,2.2745991264867147,1.705173809120509,4,2.214567618648955,1.6316124965156344,2.8297954752855397,1.775,1,3
quarterly,seq,2023Q2,net_charge_pH7_HA1,5,4,40,40,TRUE,2.2253245706458125,1.6949152542372885,2,2.225324570645813,2.2253245706458125,2.2253245706458125,2,2,2
quarterly,seq,2023Q3,net_charge_pH7_HA1,5,4,108,40,TRUE,1.4633125866448944,1.249089740843864,2,1.458129531,1.1240147218730305,1.778475356177588,1.41,1,2
quarterly,seq,2023Q4,net_charge_pH7_HA1,5,4,703,40,TRUE,1.4592385456856445,1.1944772746498447,4,1.4092868118969542,1,1.799485752639783,1.04,1,2
quarterly,seq,2024Q1,net_charge_pH7_HA1,5,4,368,40,TRUE,1.2988470990852963,1.1166411055591288,3,1.2726871893872598,1,1.5854949337589936,1.0033333333333334,1,1
quarterly,seq,2024Q2,net_charge_pH7_HA1,5,4,844,40,TRUE,1.1189866459863513,1.038863156420996,3,1.0965772240556142,1,1.3068323122803167,1,1,1
quarterly,seq,2024Q3,net_charge_pH7_HA1,5,4,1039,40,TRUE,2.1277816749907243,1.9020620100677823,4,2.066498458624058,1.7029426948163522,2.5481031114914763,2,2,2
quarterly,seq,2024Q4,net_charge_pH7_HA1,5,4,1200,40,TRUE,1.4268461089998494,1.2033634007049705,3,1.3939403276597822,1.1240147218730305,1.7761589998502552,1.1933333333333334,1,2
quarterly,seq,2025Q1,net_charge_pH7_HA1,5,4,491,40,TRUE,1.4194665062869334,1.1898007629933425,3,1.3851343074655251,1.1240147218730305,1.7784753561775881,1.095,1,2
quarterly,seq,2022Q1,net_charge_pH7_HA2,5,3,447,40,TRUE,1,1,1,1,1,1,1,1,1
quarterly,seq,2022Q2,net_charge_pH7_HA2,5,3,1135,40,TRUE,1.1445345622443786,1.0580790513119778,2,1.1254869208211105,1,1.384145488461686,1.0033333333333334,1,1
quarterly,seq,2022Q3,net_charge_pH7_HA2,5,3,330,40,TRUE,1.0592568667046116,1.018385172162268,1,1.0446049124614492,1,1.2195906179141718,1,1,1
quarterly,seq,2022Q4,net_charge_pH7_HA2,5,3,563,40,TRUE,1.0473069845381446,1.0143300127043657,1,1.034359003270045,1,1.126404119274057,1,1,1
quarterly,seq,2023Q1,net_charge_pH7_HA2,5,3,301,40,TRUE,1.073173153614412,1.0269311419665628,1,1.0600325904630317,1,1.2195906179141718,1,1,1
quarterly,seq,2023Q2,net_charge_pH7_HA2,5,3,40,40,TRUE,1.1240147218730305,1.0512483574244416,1,1.1240147218730305,1.1240147218730305,1.1240147218730305,1,1,1
quarterly,seq,2023Q3,net_charge_pH7_HA2,5,3,108,40,TRUE,1,1,1,1,1,1,1,1,1
quarterly,seq,2023Q4,net_charge_pH7_HA2,5,3,703,40,TRUE,1.292445423991135,1.1522467469789628,2,1.2764323668049318,1,1.5260902731141495,1.1333333333333333,1,2
quarterly,seq,2024Q1,net_charge_pH7_HA2,5,3,368,40,TRUE,1.098787264613539,1.038766587405078,2,1.0862207591126871,1,1.305236777831472,1,1,1
quarterly,seq,2024Q2,net_charge_pH7_HA2,5,3,844,40,TRUE,1.0606927117705593,1.0191719985806997,2,1.0445148655799044,1,1.2625993881725737,1,1,1
quarterly,seq,2024Q3,net_charge_pH7_HA2,5,3,1039,40,TRUE,1.070590383775041,1.0234046526796183,2,1.0573169403129268,1,1.2625993881725737,1,1,1
quarterly,seq,2024Q4,net_charge_pH7_HA2,5,3,1200,40,TRUE,1.0456823213065698,1.0134450374974664,1,1.0339836271703073,1,1.2195906179141718,1,1,1
quarterly,seq,2025Q1,net_charge_pH7_HA2,5,3,491,40,TRUE,1.053250464627681,1.0164517094683763,1,1.039325118298725,1,1.2195906179141718,1,1,1
quarterly,seq,2022Q1,pI,5,4,447,40,TRUE,1.371243471542427,1.1569247337977033,3,1.3515282310810206,1,1.6933031786671402,1.0183333333333333,1,1
quarterly,seq,2022Q2,pI,5,4,1135,40,TRUE,1.6784976235762792,1.328676557802291,4,1.6337118417225873,1.2195906179141718,2.1568693720924883,1.2433333333333334,1,2
quarterly,seq,2022Q3,pI,5,4,330,40,TRUE,1.6614748014684055,1.2946407342241668,4,1.6121944858687558,1.1240147218730305,2.163779916949068,1.075,1,2
quarterly,seq,2022Q4,pI,5,4,563,40,TRUE,2.1769403776253964,1.7647920181284695,3,2.1284652281936633,1.6493848884661177,2.6190361128156057,2.1366666666666667,1,3
quarterly,seq,2023Q1,pI,5,4,301,40,TRUE,2.347841317385789,1.9195533803682279,3,2.2734803556623224,1.753603634478999,2.7884242648261575,2.195,1.9750000000000014,3
quarterly,seq,2023Q2,pI,5,4,40,40,TRUE,2.5129219933429945,2.216066482,3,2.5129219933429945,2.5129219933429945,2.5129219933429945,3,3,3
quarterly,seq,2023Q3,pI,5,4,108,40,TRUE,1.7639395317742874,1.4953846153846153,2,1.7349449058550954,1.4575692649810903,2.051470982855768,1.9483333333333333,1,2
quarterly,seq,2023Q4,pI,5,4,703,40,TRUE,1.9654470572070402,1.5269906596343572,4,1.9027016658097762,1.369058156,2.494992146410085,1.68,1,3
quarterly,seq,2024Q1,pI,5,4,368,40,TRUE,1.890977493099784,1.4750141593691455,4,1.853306003375423,1.369058156,2.4037695363930296,1.6383333333333334,1,2
quarterly,seq,2024Q2,pI,5,4,844,40,TRUE,1.267317387696948,1.1082767268981957,3,1.2416337071069583,1,1.551652456782203,1.01,1,1
quarterly,seq,2024Q3,pI,5,4,1039,40,TRUE,2.139409027642823,1.913484530234949,3,2.088240848737499,1.7547653506033232,2.4707005266637636,2.0083333333333333,2,2
quarterly,seq,2024Q4,pI,5,4,1200,40,TRUE,1.464171689109742,1.2208521548040534,3,1.4243995696396228,1.1240147218730305,1.778809128836512,1.165,1,2
quarterly,seq,2025Q1,pI,5,4,491,40,TRUE,1.4551458031324986,1.2194962795097348,3,1.4227086207477817,1.1240147218730305,1.791826263,1.14,1,2
quarterly,seq,2022Q1,pI_HA1,5,4,447,40,TRUE,1.1480010767888373,1.0508022655917204,2,1.1228262650863658,1,1.3849752984347308,1,1,1
quarterly,seq,2022Q2,pI_HA1,5,4,1135,40,TRUE,1.3198125410128854,1.1216831015041686,4,1.283949075249545,1,1.6630199262584078,1.0016666666666667,1,1
quarterly,seq,2022Q3,pI_HA1,5,4,330,40,TRUE,1.8908229602755329,1.4444886589733388,4,1.816856033330962,1.369058156,2.3948885584152646,1.3766666666666667,1,2
quarterly,seq,2022Q4,pI_HA1,5,4,563,40,TRUE,2.679677256223883,2.1659320910463773,4,2.596181949507902,1.9874289730111547,3.2018447636019594,2.3133333333333335,2,3
quarterly,seq,2023Q1,pI_HA1,5,4,301,40,TRUE,2.152477776016776,1.6169221708635986,4,2.0810302926660476,1.551652456782203,2.7040356174640383,1.62,1,3
quarterly,seq,2023Q2,pI_HA1,5,4,40,40,TRUE,1.9747733529974207,1.5180265654648954,2,1.9747733529974205,1.9747733529974207,1.9747733529974207,2,2,2
quarterly,seq,2023Q3,pI_HA1,5,4,108,40,TRUE,1.4335597835030347,1.2264984227129339,2,1.4230707118865522,1.1240147218730305,1.708296705630345,1.2916666666666667,1,2
quarterly,seq,2023Q4,pI_HA1,5,4,703,40,TRUE,1.451144963920312,1.1909023656162723,4,1.3881125404595003,1,1.799485752639783,1.0283333333333333,1,2
quarterly,seq,2024Q1,pI_HA1,5,4,368,40,TRUE,1.2988470990852963,1.1166411055591288,3,1.2695286472089686,1,1.6414072918488944,1.005,1,1
quarterly,seq,2024Q2,pI_HA1,5,4,844,40,TRUE,1.1212774644608763,1.0388873980562132,3,1.100582555443774,1,1.369058156,1,1,1
quarterly,seq,2024Q3,pI_HA1,5,4,1039,40,TRUE,2.112687750451761,1.8954427734906547,4,2.058744678937957,1.7029426948163522,2.494604371,2,2,2
quarterly,seq,2024Q4,pI_HA1,5,4,1200,40,TRUE,1.4118321687265127,1.1989988359719634,3,1.372664392351159,1,1.7784753561775881,1.1866666666666668,1,2
quarterly,seq,2025Q1,pI_HA1,5,4,491,40,TRUE,1.4194665062869334,1.1898007629933425,3,1.3947888300412403,1.1240147218730305,1.7654817826684104,1.0816666666666668,1,2
quarterly,seq,2022Q1,pI_HA2,5,3,447,40,TRUE,1,1,1,1,1,1,1,1,1
quarterly,seq,2022Q2,pI_HA2,5,3,1135,40,TRUE,1.077773653044566,1.0250520990402956,3,1.0614133416865525,1,1.2625993881725737,1,1,1
quarterly,seq,2022Q3,pI_HA2,5,3,330,40,TRUE,1.0420482208425146,1.0122134850259328,1,1.0311979463939445,1,1.1240147218730305,1,1,1
quarterly,seq,2022Q4,pI_HA2,5,3,563,40,TRUE,1.037277542804313,1.0107268697884282,1,1.0272405145224879,1,1.1240147218730305,1,1,1
quarterly,seq,2023Q1,pI_HA2,5,3,301,40,TRUE,1.0574378047781106,1.0201321878553815,1,1.0489434150878736,1,1.2195906179141718,1,1,1
quarterly,seq,2023Q2,pI_HA2,5,3,40,40,TRUE,1,1,1,1,1,1,1,1,1
quarterly,seq,2023Q3,pI_HA2,5,3,108,40,TRUE,1,1,1,1,1,1,1,1,1
quarterly,seq,2023Q4,pI_HA2,5,3,703,40,TRUE,1.2781711541636605,1.1425608896184212,2,1.2640148400009086,1,1.5260902731141495,1.1116666666666666,1,2
quarterly,seq,2024Q1,pI_HA2,5,3,368,40,TRUE,1.099203675152669,1.033281958157208,1,1.0834852512522866,1,1.2625993881725737,1,1,1
quarterly,seq,2024Q2,pI_HA2,5,3,844,40,TRUE,1.0238744755714457,1.007134273070452,1,1.0156611333941976,1,1.1240147218730305,1,1,1
quarterly,seq,2024Q3,pI_HA2,5,3,1039,40,TRUE,1.0657747758863165,1.0214331199041697,2,1.055519972669338,1,1.2625993881725737,1,1,1
quarterly,seq,2024Q4,pI_HA2,5,3,1200,40,TRUE,1.031979771850453,1.010049997474875,2,1.0249016395103867,1,1.1240147218730305,1,1,1
quarterly,seq,2025Q1,pI_HA2,5,3,491,40,TRUE,1.0419854845828076,1.012311620036196,1,1.0264102443948953,1,1.1240147218730305,1,1,1
quarterly,seq,2022Q1,ph_acid_mean_minus_neutral_298k,5,5,447,40,TRUE,1.6673554796565215,1.2856481034649168,4,1.6084263333687823,1.1240147218730305,2.1319667564609457,1.0533333333333332,1,2
quarterly,seq,2022Q2,ph_acid_mean_minus_neutral_298k,5,5,1135,40,TRUE,2.3345316752754757,1.6552141059229104,5,2.2320638746792514,1.5358055788975222,3.0027519390980535,1.4016666666666666,1,3
quarterly,seq,2022Q3,ph_acid_mean_minus_neutral_298k,5,5,330,40,TRUE,3.382985315414142,2.5875588081547303,5,3.2457346884830454,2.4949707575052216,4.034796154358199,2.7216666666666667,1,4
quarterly,seq,2022Q4,ph_acid_mean_minus_neutral_298k,5,5,563,40,TRUE,3.8459402413535786,3.2742363672048507,5,3.661780235440245,2.906708170903897,4.3794262859640725,2.9516666666666667,2,4
quarterly,seq,2023Q1,ph_acid_mean_minus_neutral_298k,5,5,301,40,TRUE,2.974500403964215,2.235681677976557,5,2.877098912982517,2.1820920282309393,3.551298311189554,2.48,1,4
quarterly,seq,2023Q2,ph_acid_mean_minus_neutral_298k,5,5,40,40,TRUE,3.5124734265711086,2.836879432624113,3,3.512473426571108,3.5124734265711086,3.5124734265711086,3,3,3
quarterly,seq,2023Q3,ph_acid_mean_minus_neutral_298k,5,5,108,40,TRUE,2.971978791466011,2.4079273327828243,3,2.8940125153928715,2.2958146710700578,3.4383893267849492,2.19,2,3
quarterly,seq,2023Q4,ph_acid_mean_minus_neutral_298k,5,5,703,40,TRUE,2.303535607754663,1.626720253318719,5,2.217752774102486,1.5358055788975222,3.047294807098928,1.3316666666666668,1,3
quarterly,seq,2024Q1,ph_acid_mean_minus_neutral_298k,5,5,368,40,TRUE,2.2500495473237616,1.6394363469081397,4,2.1794513915902107,1.5358055788975222,2.8629798375529334,1.6133333333333333,1,3
quarterly,seq,2024Q2,ph_acid_mean_minus_neutral_298k,5,5,844,40,TRUE,1.9110550873929832,1.4928098110139194,4,1.8347792990118168,1.384145488461686,2.3677988471072022,1.7233333333333334,1,2
quarterly,seq,2024Q3,ph_acid_mean_minus_neutral_298k,5,5,1039,40,TRUE,2.6487118152784808,2.1747042197909345,5,2.544720016657807,1.9667442853731196,3.1957168068832096,2.19,2,3
quarterly,seq,2024Q4,ph_acid_mean_minus_neutral_298k,5,5,1200,40,TRUE,2.0270150800129065,1.512109476726115,5,1.9567739450094541,1.4575692649810903,2.6380288187203913,1.4516666666666667,1,2
quarterly,seq,2025Q1,ph_acid_mean_minus_neutral_298k,5,5,491,40,TRUE,2.672255458757814,1.9755070266726755,5,2.5953321797166127,1.8943474492443348,3.352878210058899,2.23,1,3
quarterly,seq,2022Q1,pos_frac,5,3,447,40,TRUE,1.1212031850692727,1.0458411628308673,2,1.1058808571445937,1,1.305236777831472,1,1,1
quarterly,seq,2022Q2,pos_frac,5,3,1135,40,TRUE,1.3353239785630966,1.1436524613973738,3,1.3178718852127624,1,1.6933031786671402,1.0233333333333334,1,1
quarterly,seq,2022Q3,pos_frac,5,3,330,40,TRUE,1.3761219111677094,1.1665773968934119,3,1.3536603338322712,1,1.6933031786671402,1.0233333333333334,1,1
quarterly,seq,2022Q4,pos_frac,5,3,563,40,TRUE,1.3563342661043298,1.1553579955312068,3,1.3296935167312718,1,1.693678017,1.0233333333333334,1,1
quarterly,seq,2023Q1,pos_frac,5,3,301,40,TRUE,1.4534733332453613,1.209287115761936,3,1.429024915295865,1.1240147218730305,1.791826263,1.0416666666666667,1,2
quarterly,seq,2023Q2,pos_frac,5,3,40,40,TRUE,1.2195906179141718,1.1049723756906078,1,1.2195906179141718,1.2195906179141718,1.2195906179141718,1,1,1
quarterly,seq,2023Q3,pos_frac,5,3,108,40,TRUE,1.0539756277919188,1.0186899563318779,1,1.0467122119055081,1,1.1240147218730305,1,1,1
quarterly,seq,2023Q4,pos_frac,5,3,703,40,TRUE,1.4502653333163904,1.2078004599431549,3,1.422215798501309,1.1240147218730305,1.7931736063030723,1.07,1,2
quarterly,seq,2024Q1,pos_frac,5,3,368,40,TRUE,1.4604825908886325,1.2259337714771963,3,1.4384977089303879,1.1240147218730305,1.7784753561775881,1.215,1,2
quarterly,seq,2024Q2,pos_frac,5,3,844,40,TRUE,1.2509850987166884,1.1079250823552835,3,1.219401541297158,1,1.551652456782203,1.0266666666666666,1,2
quarterly,seq,2024Q3,pos_frac,5,3,1039,40,TRUE,2.0887856352905367,1.9290078177350904,3,2.0478458009954568,1.7547653506033232,2.3437029691921896,2,2,2
quarterly,seq,2024Q4,pos_frac,5,3,1200,40,TRUE,2.197815864783693,2.0718053193601573,3,2.1474635870786307,1.8787018413051884,2.470867896017024,2.0033333333333334,2,2
quarterly,seq,2025Q1,pos_frac,5,3,491,40,TRUE,2.3660204835851046,2.1165093718449586,3,2.329045864384236,1.9033317211476086,2.714422793182605,2.16,2,3
quarterly,seq,2022Q1,pos_frac_HA1,5,2,447,40,TRUE,1,1,1,1,1,1,1,1,1
quarterly,seq,2022Q2,pos_frac_HA1,5,2,1135,40,TRUE,1.088788151526482,1.0340403125017559,2,1.0729519573863673,1,1.2195906179141718,1,1,1
quarterly,seq,2022Q3,pos_frac_HA1,5,2,330,40,TRUE,1.1690718823505601,1.0753643796658372,2,1.1598287826716855,1,1.384145488461686,1.0116666666666667,1,1
quarterly,seq,2022Q4,pos_frac_HA1,5,2,563,40,TRUE,1.1160937629284549,1.047246331801407,2,1.0980982949117368,1,1.305236777831472,1.0016666666666667,1,1
quarterly,seq,2023Q1,pos_frac_HA1,5,2,301,40,TRUE,1.169765812112171,1.0757530782108975,2,1.1562301189214066,1,1.384145488461686,1.0083333333333333,1,1
quarterly,seq,2023Q2,pos_frac_HA1,5,2,40,40,TRUE,1,1,1,1,1,1,1,1,1
quarterly,seq,2023Q3,pos_frac_HA1,5,2,108,40,TRUE,1,1,1,1,1,1,1,1,1
quarterly,seq,2023Q4,pos_frac_HA1,5,2,703,40,TRUE,1.1604977579910234,1.0706039855551246,2,1.147236721028662,1,1.384145488461686,1.0016666666666667,1,1
quarterly,seq,2024Q1,pos_frac_HA1,5,2,368,40,TRUE,1.0617942354581418,1.0219753682685344,1,1.0484865336882512,1,1.2195906179141718,1,1,1
quarterly,seq,2024Q2,pos_frac_HA1,5,2,844,40,TRUE,1.0238744755714457,1.007134273070452,1,1.0181111288195142,1,1.1240147218730305,1,1,1
quarterly,seq,2024Q3,pos_frac_HA1,5,2,1039,40,TRUE,1.0650337300059607,1.0233658459359563,2,1.0557868712835818,1,1.2195906179141718,1,1,1
quarterly,seq,2024Q4,pos_frac_HA1,5,2,1200,40,TRUE,1.099414722884351,1.039067494649524,2,1.0870480733958765,1,1.305236777831472,1,1,1
quarterly,seq,2025Q1,pos_frac_HA1,5,2,491,40,TRUE,1.2585785997509873,1.1296029912707746,2,1.250812861151089,1,1.5260902731141495,1.095,1,2
quarterly,seq,2022Q1,pos_frac_HA2,5,2,447,40,TRUE,1,1,1,1,1,1,1,1,1
quarterly,seq,2022Q2,pos_frac_HA2,5,2,1135,40,TRUE,1.028698104994011,1.0088493842629755,2,1.021801271463561,1,1.1240147218730305,1,1,1
quarterly,seq,2022Q3,pos_frac_HA2,5,2,330,40,TRUE,1.020812332821437,1.006078971194176,1,1.014055001812277,1,1.1240147218730305,1,1,1
quarterly,seq,2022Q4,pos_frac_HA2,5,2,563,40,TRUE,1.0131089639552258,1.0035587075939147,1,1.0080609569217471,1,1.1240147218730305,1,1,1
quarterly,seq,2023Q1,pos_frac_HA2,5,2,301,40,TRUE,1,1,1,1,1,1,1,1,1
quarterly,seq,2023Q2,pos_frac_HA2,5,2,40,40,TRUE,1,1,1,1,1,1,1,1,1
quarterly,seq,2023Q3,pos_frac_HA2,5,2,108,40,TRUE,1,1,1,1,1,1,1,1,1
quarterly,seq,2023Q4,pos_frac_HA2,5,2,703,40,TRUE,1,1,1,1,1,1,1,1,1
quarterly,seq,2024Q1,pos_frac_HA2,5,2,368,40,TRUE,1.0189455000475522,1.0054495508204022,1,1.0115747073748163,1,1.1240147218730305,1,1,1
quarterly,seq,2024Q2,pos_frac_HA2,5,2,844,40,TRUE,1.0238744755714457,1.007134273070452,1,1.0137061164799956,1,1.1240147218730305,1,1,1
quarterly,seq,2024Q3,pos_frac_HA2,5,2,1039,40,TRUE,1.0140572784532975,1.0038572662694711,1,1.0117813985779378,1,1.1240147218730305,1,1,1
quarterly,seq,2024Q4,pos_frac_HA2,5,2,1200,40,TRUE,1.0273616072853555,1.0083680543398341,2,1.0205743242260654,1,1.1240147218730305,1,1,1
quarterly,seq,2025Q1,pos_frac_HA2,5,2,491,40,TRUE,1.0268354566968398,1.0081798222686877,1,1.0220382616788266,1,1.1240147218730305,1,1,1
quarterly,seq,2022Q1,sheet_frac,5,3,447,40,TRUE,1.6575933434909387,1.4325793152894783,2,1.6370040211877286,1.305236777831472,1.958039473711009,1.8683333333333334,1,2
quarterly,seq,2022Q2,sheet_frac,5,3,1135,40,TRUE,1.548941282756262,1.3154267089136251,3,1.529494040956269,1.2195906179141718,1.9033317211476086,1.6166666666666667,1,2
quarterly,seq,2022Q3,sheet_frac,5,3,330,40,TRUE,1.7497035403442582,1.560484911,2,1.7172758283047262,1.384145488461686,2.0075500478657684,1.9666666666666666,1,2
quarterly,seq,2022Q4,sheet_frac,5,3,563,40,TRUE,2.192257967607677,2.0044963289466198,3,2.1571012758079857,1.8006879338394017,2.4773953007941785,2.0083333333333333,2,2
quarterly,seq,2023Q1,sheet_frac,5,3,301,40,TRUE,2.606122910895598,2.375422773393461,3,2.564457609995812,2.1804187098240213,2.871745887492587,2.595,2,3
quarterly,seq,2023Q2,sheet_frac,5,3,40,40,TRUE,2.946233652,2.8985507246376807,3,2.9462336522939494,2.946233652,2.946233652,3,3,3
quarterly,seq,2023Q3,sheet_frac,5,3,108,40,TRUE,2.801215681588767,2.6617982656321315,3,2.7652267168202225,2.470296903394448,2.9511517858675242,2.9116666666666666,2,3
quarterly,seq,2023Q4,sheet_frac,5,3,703,40,TRUE,2.385422571342981,2.128917339,3,2.3313091914483492,1.9104728938596316,2.714422793182605,2.171666666666667,2,3
quarterly,seq,2024Q1,sheet_frac,5,3,368,40,TRUE,1.9316559501790949,1.582166974,3,1.9071385252878705,1.384145488461686,2.3382564126621346,1.9166666666666667,1,3
quarterly,seq,2024Q2,sheet_frac,5,3,844,40,TRUE,1.7745361990400792,1.489538419073827,3,1.741677514,1.384145488461686,2.160006023853965,1.855,1,2
quarterly,seq,2024Q3,sheet_frac,5,3,1039,40,TRUE,2.4569705876676973,2.095518453597641,3,2.4136905004267337,1.920043295500459,2.8000940728538315,2.765,2,3
quarterly,seq,2024Q4,sheet_frac,5,3,1200,40,TRUE,2.6024771012518153,2.2965115351860654,3,2.5309194745421753,2.0867794400977164,2.9069193995976246,2.8583333333333334,2,3
quarterly,seq,2025Q1,sheet_frac,5,3,491,40,TRUE,2.747711751609924,2.5365999936869352,3,2.6872595296166075,2.2959289234852633,2.971004096610005,2.91,2,3
quarterly,seq,2022Q1,turn_frac,5,4,447,40,TRUE,1.7052566948902088,1.409298979397513,3,1.670910412603243,1.3041708430899994,2.115530793885703,1.685,1,2
quarterly,seq,2022Q2,turn_frac,5,4,1135,40,TRUE,1.5577523274230827,1.2777259260655196,3,1.5137235274899323,1.1240147218730305,1.921210820247274,1.185,1,2
quarterly,seq,2022Q3,turn_frac,5,4,330,40,TRUE,1.5714239221834865,1.2824136225535223,3,1.5264033626851565,1.1240147218730305,1.9212108202472742,1.1533333333333333,1,2
quarterly,seq,2022Q4,turn_frac,5,4,563,40,TRUE,1.8536235579527534,1.4519282301691634,3,1.8174059819354376,1.369058156,2.2814778667908975,1.535,1,3
quarterly,seq,2023Q1,turn_frac,5,4,301,40,TRUE,1.969423622400744,1.5264771789126077,3,1.9183126145280425,1.464210937062733,2.426365439,1.6933333333333334,1,3
quarterly,seq,2023Q2,turn_frac,5,4,40,40,TRUE,2.596199531471581,2.0887728459530024,3,2.5961995314715804,2.596199531471581,2.596199531471581,3,3,3
quarterly,seq,2023Q3,turn_frac,5,4,108,40,TRUE,2.9315697501247393,2.8630338733431513,3,2.8967203678635207,2.672239146974188,2.9923748263336414,3,3,3
quarterly,seq,2023Q4,turn_frac,5,4,703,40,TRUE,2.0835653630941597,1.6927690415923111,3,2.027999572918994,1.551652456782203,2.5480396811417756,2.0016666666666665,1,3
quarterly,seq,2024Q1,turn_frac,5,4,368,40,TRUE,2.125227056,1.7224257224257227,3,2.0892365242079607,1.6327949981247791,2.5539392274300625,2.2266666666666666,1,3
quarterly,seq,2024Q2,turn_frac,5,4,844,40,TRUE,1.2821192165279602,1.116699639752059,3,1.256290222351509,1,1.5854949337589936,1.0033333333333334,1,1
quarterly,seq,2024Q3,turn_frac,5,4,1039,40,TRUE,2.0846251353183947,1.9243107286926169,3,2.0303582404352376,1.7547653506033232,2.3529942528290935,2.0016666666666665,2,2
quarterly,seq,2024Q4,turn_frac,5,4,1200,40,TRUE,1.3984740205219095,1.2257259447027358,2,1.3834840780836304,1.1240147218730305,1.6493848884661177,1.385,1,2
quarterly,seq,2025Q1,turn_frac,5,4,491,40,TRUE,1.1952477553564285,1.0849583488971795,2,1.181128782819382,1,1.4575692649810903,1.0216666666666667,1,1
quarterly,seq,2022Q1,variant_count_rep,5,2,447,40,TRUE,1.3087153875946513,1.1635405444751783,2,1.2976352927317703,1,1.5260902731141495,1.1666666666666667,1,2
quarterly,seq,2022Q2,variant_count_rep,5,2,1135,40,TRUE,1.489851651890753,1.3086065469690427,2,1.4821808913388501,1.2195906179141718,1.7559134151842242,1.645,1,2
quarterly,seq,2022Q3,variant_count_rep,5,2,330,40,TRUE,1.5459335676767616,1.361454218,2,1.5350518430849613,1.2195906179141718,1.8006879338394017,1.8083333333333333,1,2
quarterly,seq,2022Q4,variant_count_rep,5,2,563,40,TRUE,1.868818900592797,1.7658735243485963,2,1.8579511414958594,1.6493848884661177,1.9900083082219464,2,2,2
quarterly,seq,2023Q1,variant_count_rep,5,2,301,40,TRUE,1.765851034,1.6148471615720528,2,1.749978471869143,1.4575692649810903,1.9378192408783848,1.9866666666666666,2,2
quarterly,seq,2023Q2,variant_count_rep,5,2,40,40,TRUE,1.9900083082219464,1.9801980198019797,2,1.9900083082219464,1.9900083082219464,1.9900083082219464,2,2,2
quarterly,seq,2023Q3,variant_count_rep,5,2,108,40,TRUE,1.4443541685092398,1.2686534696541223,2,1.4436297575464625,1.2195906179141718,1.6493848884661177,1.59,1,2
quarterly,seq,2023Q4,variant_count_rep,5,2,703,40,TRUE,1.715678481577616,1.5496088422042802,2,1.6932572872517422,1.384145488461686,1.9378192408783848,1.97,1,2
quarterly,seq,2024Q1,variant_count_rep,5,2,368,40,TRUE,1.4728692589432666,1.293398533007335,2,1.4625853678897065,1.2195906179141718,1.7547653506033232,1.6183333333333334,1,2
quarterly,seq,2024Q2,variant_count_rep,5,2,844,40,TRUE,1.3271468450097965,1.176664144859643,2,1.3170040168801498,1,1.5899879535493942,1.22,1,2
quarterly,seq,2024Q3,variant_count_rep,5,2,1039,40,TRUE,1.4075946114222564,1.2381631269691802,2,1.4052322064188296,1.1240147218730305,1.7043159719022556,1.44,1,2
quarterly,seq,2024Q4,variant_count_rep,5,2,1200,40,TRUE,1.4622856049515005,1.284099988585778,2,1.4545875244677529,1.2195906179141718,1.7055772063697812,1.5983333333333334,1,2
quarterly,seq,2025Q1,variant_count_rep,5,2,491,40,TRUE,1.5225794199268876,1.3389446440770219,2,1.5143231679694216,1.2195906179141718,1.7547653506033232,1.7216666666666667,1,2
quarterly,seq,2022Q1,variant_num_rep,5,5,447,40,TRUE,1.3793839245619437,1.1674564268561314,3,1.3500230304182466,1,1.6933031786671402,1.025,1,1.0249999999999773
quarterly,seq,2022Q2,variant_num_rep,5,5,1135,40,TRUE,1.7157569777902277,1.3287944225137678,4,1.6606314671204514,1.2195906179141718,2.2214768949811923,1.135,1,2
quarterly,seq,2022Q3,variant_num_rep,5,5,330,40,TRUE,1.8380058177408842,1.3910533173236592,4,1.794206751,1.2625993881725737,2.3943778893101397,1.2216666666666667,1,2
quarterly,seq,2022Q4,variant_num_rep,5,5,563,40,TRUE,2.413890613965999,1.9405354442546572,4,2.329888609113664,1.791826263,2.894566827692822,2.3366666666666664,1,3
quarterly,seq,2023Q1,variant_num_rep,5,5,301,40,TRUE,2.387691645,1.739082864656314,4,2.32376651,1.6789795750133603,3.047391481433519,1.725,1,3
quarterly,seq,2023Q2,variant_num_rep,5,5,40,40,TRUE,2.596119485455865,2.3598820058997045,3,2.596119485455865,2.596119485455865,2.596119485455865,3,3,3
quarterly,seq,2023Q3,variant_num_rep,5,5,108,40,TRUE,1.6315278669705906,1.2831683168316832,3,1.6139714816340502,1.2195906179141718,2.0310640806361913,1.045,1,2
quarterly,seq,2023Q4,variant_num_rep,5,5,703,40,TRUE,2.128751919034338,1.625757022504252,4,2.0656245363025563,1.551652456782203,2.653288474572798,1.8683333333333334,1,3
quarterly,seq,2024Q1,variant_num_rep,5,5,368,40,TRUE,1.6093056315024517,1.3073833796725363,3,1.577078512683695,1.2195906179141718,1.9891953206377806,1.2333333333333334,1,2
quarterly,seq,2024Q2,variant_num_rep,5,5,844,40,TRUE,1.4021862958282638,1.180673926375284,3,1.3776801743427598,1.1240147218730305,1.7654817826684104,1.0783333333333334,1,2
quarterly,seq,2024Q3,variant_num_rep,5,5,1039,40,TRUE,1.6349213060333092,1.2563599439042417,5,1.5605922146401972,1.1240147218730305,2.1480921845180996,1.0316666666666667,1,2
quarterly,seq,2024Q4,variant_num_rep,5,5,1200,40,TRUE,1.733305389848717,1.3036582097875764,5,1.6605980989472662,1.1240147218730305,2.2889430671877062,1.035,1,2
quarterly,seq,2025Q1,variant_num_rep,5,5,491,40,TRUE,1.8196758532841273,1.4560053630637106,3,1.779462929730286,1.305236777831472,2.2583225018386646,1.5433333333333332,1,3