mutation,pred_ddG,protocol,linkage,exp_ddG
E190D,11.773000000000136,9dio_bn16_bb2_min,26,0.0
E190D,2.5947999999989424,9dio_bn16_bb2_avg,26,0.0
E190D,12.88000000000011,9dip_cr15_bb3_min,26,0.0
E190D,5.4500000000007285,9dio_cr15_bb1_avg,26,0.0
E190D,14.27400000000034,9dio_cr15_bb3_min,26,0.0
E190D,8.8149999999996,9dio_bn16_bb1_min,26,0.0
E190D,2.39480000000094,9dio_bn16_bb2_avg,26,0.0
E190D,0.6627514285710259,9dip_bn16_bb2_avg,26,0.0
E190D,-1.011,flexddg_woCrelax,26,0.0
E190D,11.75799999999981,9dio_bn16_bb1_min,26,0.0
E190D,14.519999999999527,9dio_cr15_bb3_min,26,0.0
E190D,9.740999999999984,9dip_cr15_bb1_min,26,0.0
E190D,2.6940000000004165,9dio_bn16_bb3_avg,26,0.0
E190D,9.740999999999984,9dip_cr15_bb2_min,26,0.0
E190D,4.32780000000184,9dio_cr15_bb2_avg,26,0.0
E190D,3.172000000000482,9dip_cr15_bb1_avg,26,0.0
E190D,6.216400000000249,9dio_cr15_bb1_avg,26,0.0
E190D,0.6620933333333578,9dip_bn16_bb3_avg,26,0.0
E190D,15.302999999999885,9dio_cr15_bb2_min,26,0.0
E190D,2.2800000000015643,9dio_bn16_bb1_avg,26,0.0
E190D,14.519999999999527,9dio_cr15_bb1_min,26,0.0
E190D,11.63299999999981,9dip_bn16_bb2_min,26,0.0
E190D,0.006,flexddg_wCrelax,26,0.0
E190D,5.214999999999239,9dio_cr15_bb2_avg,26,0.0
E190D,2.505799999998997,9dio_bn16_bb3_avg,26,0.0
E190D,11.467999999999847,9dip_bn16_bb1_min,26,0.0
E190D,14.528000000000247,9dio_cr15_bb2_min,26,0.0
E190D,3.798999999999976,9dip_cr15_bb3_avg,26,0.0
E190D,0.6273028571413306,9dip_bn16_bb1_avg,26,0.0
E190D,11.978000000000064,9dio_bn16_bb2_min,26,0.0
E190D,4.172200000000885,9dio_cr15_bb3_avg,26,0.0
E190D,1.8982000000014525,9dio_bn16_bb1_avg,26,0.0
E190D,15.26500000000033,9dio_cr15_bb1_min,26,0.0
E190D,12.050000000000182,9dio_bn16_bb3_min,26,0.0
E190D,3.223000000000868,9dip_cr15_bb2_avg,26,0.0
E190D,11.582000000000336,9dip_bn16_bb3_min,26,0.0
E190D,11.969999999999347,9dio_bn16_bb3_min,26,0.0
E190D,4.729800000000066,9dio_cr15_bb3_avg,26,0.0
G228S,-0.2369999999991705,9dio_bn16_bb2_min,26,0.0
G228S,6.303999999999178,9dio_bn16_bb2_avg,26,0.0
G228S,8.046000000000276,9dip_cr15_bb3_min,26,0.0
G228S,1.8984000000000385,9dio_cr15_bb1_avg,26,0.0
G228S,1.4279999999998836,9dio_cr15_bb3_min,26,0.0
G228S,1.0869999999995343,9dio_bn16_bb1_min,26,0.0
G228S,7.451200000001337,9dio_bn16_bb2_avg,26,0.0
G228S,-0.4862457142871799,9dip_bn16_bb2_avg,26,0.0
G228S,-1.268,flexddg_woCrelax,26,0.0
G228S,1.3930000000000289,9dio_bn16_bb1_min,26,0.0
G228S,1.8580000000001744,9dio_cr15_bb3_min,26,0.0
G228S,9.180000000000293,9dip_cr15_bb1_min,26,0.0
G228S,6.49960000000101,9dio_bn16_bb3_avg,26,0.0
G228S,8.947000000000116,9dip_cr15_bb2_min,26,0.0
G228S,0.1875999999992928,9dio_cr15_bb2_avg,26,0.0
G228S,6.094400000000857,9dip_cr15_bb1_avg,26,0.0
G228S,0.0926000000017666,9dio_cr15_bb1_avg,26,0.0
G228S,-0.6422914285694796,9dip_bn16_bb3_avg,26,0.0
G228S,0.5489999999999782,9dio_cr15_bb2_min,26,0.0
G228S,7.805000000002111,9dio_bn16_bb1_avg,26,0.0
G228S,2.8619999999991705,9dio_cr15_bb1_min,26,0.0
G228S,5.889000000000124,9dip_bn16_bb2_min,26,0.0
G228S,-0.008,flexddg_wCrelax,26,0.0
G228S,-1.0495999999993728,9dio_cr15_bb2_avg,26,0.0
G228S,8.216600000001563,9dio_bn16_bb3_avg,26,0.0
G228S,5.531999999999243,9dip_bn16_bb1_min,26,0.0
G228S,2.6190000000005966,9dio_cr15_bb2_min,26,0.0
G228S,10.644600000000537,9dip_cr15_bb3_avg,26,0.0
G228S,-0.6417333333320139,9dip_bn16_bb1_avg,26,0.0
G228S,1.0620000000008076,9dio_bn16_bb2_min,26,0.0
G228S,0.8241999999981999,9dio_cr15_bb3_avg,26,0.0
G228S,6.074000000000526,9dio_bn16_bb1_avg,26,0.0
G228S,0.8079999999999927,9dio_cr15_bb1_min,26,0.0
G228S,1.0419999999994616,9dio_bn16_bb3_min,26,0.0
G228S,3.2532000000001062,9dip_cr15_bb2_avg,26,0.0
G228S,5.5600000000004,9dip_bn16_bb3_min,26,0.0
G228S,3.33600000000024,9dio_bn16_bb3_min,26,0.0
G228S,0.3547999999991589,9dio_cr15_bb3_avg,26,0.0
N224K_Q226L,-9.051000000000386,9dio_bn16_bb2_min,26,-3.9942656248071176
N224K_Q226L,2.2988000000013944,9dio_bn16_bb2_avg,26,-3.9942656248071176
N224K_Q226L,-5.048999999999978,9dip_cr15_bb3_min,26,-3.9942656248071176
N224K_Q226L,-19.274000000000342,9dio_cr15_bb1_avg,26,-3.9942656248071176
N224K_Q226L,4.0640000000003065,9dio_cr15_bb3_min,26,-3.9942656248071176
N224K_Q226L,10.832999999999629,9dio_bn16_bb1_min,26,-3.9942656248071176
N224K_Q226L,-17.559599999998678,9dio_bn16_bb2_avg,26,-3.9942656248071176
N224K_Q226L,-12.664333333332252,9dip_bn16_bb2_avg,26,-3.9942656248071176
N224K_Q226L,-1.929,flexddg_woCrelax,26,-3.9942656248071176
N224K_Q226L,-8.950000000000726,9dio_bn16_bb1_min,26,-3.9942656248071176
N224K_Q226L,-15.916000000000167,9dio_cr15_bb3_min,26,-3.9942656248071176
N224K_Q226L,-5.016999999999825,9dip_cr15_bb1_min,26,-3.9942656248071176
N224K_Q226L,2.4924000000000888,9dio_bn16_bb3_avg,26,-3.9942656248071176
N224K_Q226L,-5.065000000000509,9dip_cr15_bb2_min,26,-3.9942656248071176
N224K_Q226L,-19.22740000000067,9dio_cr15_bb2_avg,26,-3.9942656248071176
N224K_Q226L,-19.070600000000017,9dip_cr15_bb1_avg,26,-3.9942656248071176
N224K_Q226L,0.6484000000000378,9dio_cr15_bb1_avg,26,-3.9942656248071176
N224K_Q226L,-11.95320285714206,9dip_bn16_bb3_avg,26,-3.9942656248071176
N224K_Q226L,4.0640000000003065,9dio_cr15_bb2_min,26,-3.9942656248071176
N224K_Q226L,-17.414199999999255,9dio_bn16_bb1_avg,26,-3.9942656248071176
N224K_Q226L,-15.870999999999185,9dio_cr15_bb1_min,26,-3.9942656248071176
N224K_Q226L,-0.681999999999789,9dip_bn16_bb2_min,26,-3.9942656248071176
N224K_Q226L,-3.693,flexddg_wCrelax,26,-3.9942656248071176
N224K_Q226L,0.5987999999997542,9dio_cr15_bb2_avg,26,-3.9942656248071176
N224K_Q226L,-17.295000000000073,9dio_bn16_bb3_avg,26,-3.9942656248071176
N224K_Q226L,0.5590000000001965,9dip_bn16_bb1_min,26,-3.9942656248071176
N224K_Q226L,-15.842000000000553,9dio_cr15_bb2_min,26,-3.9942656248071176
N224K_Q226L,-19.087000000000447,9dip_cr15_bb3_avg,26,-3.9942656248071176
N224K_Q226L,-12.444542857140732,9dip_bn16_bb1_avg,26,-3.9942656248071176
N224K_Q226L,10.82300000000032,9dio_bn16_bb2_min,26,-3.9942656248071176
N224K_Q226L,-19.28059999999914,9dio_cr15_bb3_avg,26,-3.9942656248071176
N224K_Q226L,2.3170000000009168,9dio_bn16_bb1_avg,26,-3.9942656248071176
N224K_Q226L,4.0640000000003065,9dio_cr15_bb1_min,26,-3.9942656248071176
N224K_Q226L,10.826000000000024,9dio_bn16_bb3_min,26,-3.9942656248071176
N224K_Q226L,-19.22280000000137,9dip_cr15_bb2_avg,26,-3.9942656248071176
N224K_Q226L,1.0219999999999343,9dip_bn16_bb3_min,26,-3.9942656248071176
N224K_Q226L,-9.051000000000386,9dio_bn16_bb3_min,26,-3.9942656248071176
N224K_Q226L,0.6270000000013165,9dio_cr15_bb3_avg,26,-3.9942656248071176
N224K_Q226L_G228S,-10.594000000000053,9dio_bn16_bb2_min,26,-3.0780936430659884
N224K_Q226L_G228S,9.187200000000304,9dio_bn16_bb2_avg,26,-3.0780936430659884
N224K_Q226L_G228S,-1.043999999999869,9dip_cr15_bb3_min,26,-3.0780936430659884
N224K_Q226L_G228S,-20.16779999999835,9dio_cr15_bb1_avg,26,-3.0780936430659884
N224K_Q226L_G228S,5.865000000000691,9dio_cr15_bb3_min,26,-3.0780936430659884
N224K_Q226L_G228S,11.91400000000067,9dio_bn16_bb1_min,26,-3.0780936430659884
N224K_Q226L_G228S,-13.512200000000119,9dio_bn16_bb2_avg,26,-3.0780936430659884
N224K_Q226L_G228S,-9.429051428569435,9dip_bn16_bb2_avg,26,-3.0780936430659884
N224K_Q226L_G228S,-2.039,flexddg_woCrelax,26,-3.0780936430659884
N224K_Q226L_G228S,-10.140000000000327,9dio_bn16_bb1_min,26,-3.0780936430659884
N224K_Q226L_G228S,-14.829999999999929,9dio_cr15_bb3_min,26,-3.0780936430659884
N224K_Q226L_G228S,-1.0090000000000146,9dip_cr15_bb1_min,26,-3.0780936430659884
N224K_Q226L_G228S,8.965599999998629,9dio_bn16_bb3_avg,26,-3.0780936430659884
N224K_Q226L_G228S,-0.9939999999996872,9dip_cr15_bb2_min,26,-3.0780936430659884
N224K_Q226L_G228S,-19.54439999999977,9dio_cr15_bb2_avg,26,-3.0780936430659884
N224K_Q226L_G228S,-0.9090000000005568,9dip_cr15_bb1_avg,26,-3.0780936430659884
N224K_Q226L_G228S,0.720600000000557,9dio_cr15_bb1_avg,26,-3.0780936430659884
N224K_Q226L_G228S,-8.312414285712293,9dip_bn16_bb3_avg,26,-3.0780936430659884
N224K_Q226L_G228S,5.7669999999998245,9dio_cr15_bb2_min,26,-3.0780936430659884
N224K_Q226L_G228S,-12.082999999999629,9dio_bn16_bb1_avg,26,-3.0780936430659884
N224K_Q226L_G228S,-14.568999999999507,9dio_cr15_bb1_min,26,-3.0780936430659884
N224K_Q226L_G228S,-0.6340000000000146,9dip_bn16_bb2_min,26,-3.0780936430659884
N224K_Q226L_G228S,-4.441,flexddg_wCrelax,26,-3.0780936430659884
N224K_Q226L_G228S,1.2932000000000707,9dio_cr15_bb2_avg,26,-3.0780936430659884
N224K_Q226L_G228S,-12.43000000000211,9dio_bn16_bb3_avg,26,-3.0780936430659884
N224K_Q226L_G228S,-0.6450000000004366,9dip_bn16_bb1_min,26,-3.0780936430659884
N224K_Q226L_G228S,-15.026000000000751,9dio_cr15_bb2_min,26,-3.0780936430659884
N224K_Q226L_G228S,-4.286200000000463,9dip_cr15_bb3_avg,26,-3.0780936430659884
N224K_Q226L_G228S,-8.905145714284117,9dip_bn16_bb1_avg,26,-3.0780936430659884
N224K_Q226L_G228S,12.793000000000575,9dio_bn16_bb2_min,26,-3.0780936430659884
N224K_Q226L_G228S,-18.27480000000105,9dio_cr15_bb3_avg,26,-3.0780936430659884
N224K_Q226L_G228S,8.904400000001262,9dio_bn16_bb1_avg,26,-3.0780936430659884
N224K_Q226L_G228S,6.1520000000000445,9dio_cr15_bb1_min,26,-3.0780936430659884
N224K_Q226L_G228S,12.216000000000351,9dio_bn16_bb3_min,26,-3.0780936430659884
N224K_Q226L_G228S,-2.9424000000017263,9dip_cr15_bb2_avg,26,-3.0780936430659884
N224K_Q226L_G228S,1.8670000000001887,9dip_bn16_bb3_min,26,-3.0780936430659884
N224K_Q226L_G228S,-10.509999999999307,9dio_bn16_bb3_min,26,-3.0780936430659884
N224K_Q226L_G228S,1.5817999999999308,9dio_cr15_bb3_avg,26,-3.0780936430659884
Q226L,-20.45800000000054,9dio_bn16_bb2_min,26,-2.232208003185588
Q226L,-12.036000000000056,9dip_cr15_bb3_min,26,-2.232208003185588
Q226L,-12.184106666662045,9dip_bn16_bb2_avg,26,-2.232208003185588
Q226L,3.668,flexddg_woCrelax,26,-2.232208003185588
Q226L,-20.456000000000127,9dio_bn16_bb1_min,26,-2.232208003185588
Q226L,-19.646999999999935,9dio_cr15_bb3_min,26,-2.232208003185588
Q226L,-12.02400000000034,9dip_cr15_bb1_min,26,-2.232208003185588
Q226L,-12.04699999999957,9dip_cr15_bb2_min,26,-2.232208003185588
Q226L,-14.931400000001302,9dip_cr15_bb1_avg,26,-2.232208003185588
Q226L,-12.472637142853275,9dip_bn16_bb3_avg,26,-2.232208003185588
Q226L,-19.65100000000075,9dio_cr15_bb1_min,26,-2.232208003185588
Q226L,-8.98700000000008,9dip_bn16_bb2_min,26,-2.232208003185588
Q226L,-8.622,flexddg_wCrelax,26,-2.232208003185588
Q226L,-9.106000000000677,9dip_bn16_bb1_min,26,-2.232208003185588
Q226L,-19.62199999999939,9dio_cr15_bb2_min,26,-2.232208003185588
Q226L,-16.053600000001097,9dip_cr15_bb3_avg,26,-2.232208003185588
Q226L,-12.310299999998279,9dip_bn16_bb1_avg,26,-2.232208003185588
Q226L,-15.545400000000885,9dip_cr15_bb2_avg,26,-2.232208003185588
Q226L,-9.069999999999707,9dip_bn16_bb3_min,26,-2.232208003185588
Q226L,-20.46199999999953,9dio_bn16_bb3_min,26,-2.232208003185588
E190D,2.544399999999767,9dip_cr15_bb3_avg,23,5.265617134028699
E190D,-2.2212971428571127,9dip_bn16_bb1_avg,23,5.265617134028699
E190D,11.625,9dip_cr15_bb3_min,23,5.265617134028699
E190D,0.9783999999999652,9dip_cr15_bb2_avg,23,5.265617134028699
E190D,3.787999999999556,9dip_cr15_bb2_min,23,5.265617134028699
E190D,-0.526,flexddg_woCrelax,23,5.265617134028699
E190D,11.625,9dip_cr15_bb1_min,23,5.265617134028699
E190D,4.512,flexddg_wCrelax,23,5.265617134028699
E190D,-2.2392485714281083,9dip_bn16_bb2_avg,23,5.265617134028699
E190D,6.618999999999688,9dip_bn16_bb1_min,23,5.265617134028699
E190D,5.704999999999927,9dip_bn16_bb2_min,23,5.265617134028699
E190D,8.587000000000444,9dip_bn16_bb3_min,23,5.265617134028699
E190D,2.545600000000377,9dip_cr15_bb1_avg,23,5.265617134028699
E190D,-1.8919066666658184,9dip_bn16_bb3_avg,23,5.265617134028699
G228S,14.478599999999457,9dip_cr15_bb3_avg,23,5.265617134028699
G228S,0.8700666666682082,9dip_bn16_bb1_avg,23,5.265617134028699
G228S,14.265999999999623,9dip_cr15_bb3_min,23,5.265617134028699
G228S,6.465200000001457,9dip_cr15_bb2_avg,23,5.265617134028699
G228S,7.034000000000559,9dip_cr15_bb2_min,23,5.265617134028699
G228S,-3.342,flexddg_woCrelax,23,5.265617134028699
G228S,14.194000000000415,9dip_cr15_bb1_min,23,5.265617134028699
G228S,3.063,flexddg_wCrelax,23,5.265617134028699
G228S,0.8117542857135039,9dip_bn16_bb2_avg,23,5.265617134028699
G228S,7.131999999999608,9dip_bn16_bb1_min,23,5.265617134028699
G228S,6.4489999999996135,9dip_bn16_bb2_min,23,5.265617134028699
G228S,9.371000000000095,9dip_bn16_bb3_min,23,5.265617134028699
G228S,10.52720000000136,9dip_cr15_bb1_avg,23,5.265617134028699
G228S,1.4609085714309904,9dip_bn16_bb3_avg,23,5.265617134028699
N224K_Q226L,-21.704600000000024,9dip_cr15_bb3_avg,23,5.265617134028699
N224K_Q226L,-4.021742857143181,9dip_bn16_bb1_avg,23,5.265617134028699
N224K_Q226L,-7.6400000000003265,9dip_cr15_bb3_min,23,5.265617134028699
N224K_Q226L,-21.803200000003013,9dip_cr15_bb2_avg,23,5.265617134028699
N224K_Q226L,-7.655999999999949,9dip_cr15_bb2_min,23,5.265617134028699
N224K_Q226L,-6.529,flexddg_woCrelax,23,5.265617134028699
N224K_Q226L,-7.639000000000124,9dip_cr15_bb1_min,23,5.265617134028699
N224K_Q226L,2.614,flexddg_wCrelax,23,5.265617134028699
N224K_Q226L,-4.4641333333347575,9dip_bn16_bb2_avg,23,5.265617134028699
N224K_Q226L,8.72400000000016,9dip_bn16_bb1_min,23,5.265617134028699
N224K_Q226L,6.2819999999992415,9dip_bn16_bb2_min,23,5.265617134028699
N224K_Q226L,6.231999999999972,9dip_bn16_bb3_min,23,5.265617134028699
N224K_Q226L,-21.664999999999054,9dip_cr15_bb1_avg,23,5.265617134028699
N224K_Q226L,-4.70240285714317,9dip_bn16_bb3_avg,23,5.265617134028699
N224K_Q226L_G228S,-10.733399999998255,9dip_cr15_bb3_avg,23,1.1732967752452217
N224K_Q226L_G228S,-2.437745714283664,9dip_bn16_bb1_avg,23,1.1732967752452217
N224K_Q226L_G228S,-8.502999999999702,9dip_cr15_bb3_min,23,1.1732967752452217
N224K_Q226L_G228S,-18.578200000001747,9dip_cr15_bb2_avg,23,1.1732967752452217
N224K_Q226L_G228S,-8.260000000000218,9dip_cr15_bb2_min,23,1.1732967752452217
N224K_Q226L_G228S,-5.712999999999999,flexddg_woCrelax,23,1.1732967752452217
N224K_Q226L_G228S,-7.330999999999221,9dip_cr15_bb1_min,23,1.1732967752452217
N224K_Q226L_G228S,3.9019999999999997,flexddg_wCrelax,23,1.1732967752452217
N224K_Q226L_G228S,-1.4712514285683935,9dip_bn16_bb2_avg,23,1.1732967752452217
N224K_Q226L_G228S,7.753999999999905,9dip_bn16_bb1_min,23,1.1732967752452217
N224K_Q226L_G228S,8.687999999999192,9dip_bn16_bb2_min,23,1.1732967752452217
N224K_Q226L_G228S,5.168999999999869,9dip_bn16_bb3_min,23,1.1732967752452217
N224K_Q226L_G228S,-16.792400000001177,9dip_cr15_bb1_avg,23,1.1732967752452217
N224K_Q226L_G228S,-3.3492142857139697,9dip_bn16_bb3_avg,23,1.1732967752452217
Q226L,-11.6178000000009,9dip_cr15_bb3_avg,23,5.265617134028699
Q226L,-4.827699999999823,9dip_bn16_bb1_avg,23,5.265617134028699
Q226L,-7.617000000000188,9dip_cr15_bb3_min,23,5.265617134028699
Q226L,-11.112800000000787,9dip_cr15_bb2_avg,23,5.265617134028699
Q226L,-7.606999999999972,9dip_cr15_bb2_min,23,5.265617134028699
Q226L,-6.145,flexddg_woCrelax,23,5.265617134028699
Q226L,-7.601000000000567,9dip_cr15_bb1_min,23,5.265617134028699
Q226L,-1.46,flexddg_wCrelax,23,5.265617134028699
Q226L,-5.227706666662017,9dip_bn16_bb2_avg,23,5.265617134028699
Q226L,-1.5770000000002256,9dip_bn16_bb1_min,23,5.265617134028699
Q226L,-3.6950000000006185,9dip_bn16_bb2_min,23,5.265617134028699
Q226L,-3.706000000000131,9dip_bn16_bb3_min,23,5.265617134028699
Q226L,-10.4870000000019,9dip_cr15_bb1_avg,23,5.265617134028699
Q226L,-4.986637142854307,9dip_bn16_bb3_avg,23,5.265617134028699
